symbol,timeframe,statistic,p_value,bh_fdr_significant
BTCUSDT,15m,variance_ratio,0.993593031551135,False
BTCUSDT,15m,autocorrelation,0.0437217331521764,False
BTCUSDT,15m,arch_vol_clustering,0.0,True
BTCUSDT,15m,hurst,0.5768463073852296,False
BTCUSDT,15m,regime_persistence,0.001996007984031936,True
BTCUSDT,15m,directional_baseline,0.001996007984031936,True
BTCUSDT,1h,variance_ratio,0.9904542784468965,False
BTCUSDT,1h,autocorrelation,0.10333360710850595,False
BTCUSDT,1h,arch_vol_clustering,3.0490992077487127e-88,True
BTCUSDT,1h,hurst,0.48902195608782434,False
BTCUSDT,1h,regime_persistence,0.001996007984031936,True
BTCUSDT,1h,directional_baseline,0.001996007984031936,True
BTCUSDT,4h,variance_ratio,0.9802030263639898,False
BTCUSDT,4h,autocorrelation,0.020404824642137897,True
BTCUSDT,4h,arch_vol_clustering,3.4508692624064806e-14,True
BTCUSDT,4h,hurst,0.42115768463073855,False
BTCUSDT,4h,regime_persistence,0.001996007984031936,True
BTCUSDT,4h,directional_baseline,0.001996007984031936,True
BTCUSDT,1d,variance_ratio,0.9770483271845667,False
BTCUSDT,1d,autocorrelation,0.6095389388847552,False
BTCUSDT,1d,arch_vol_clustering,3.4149900564372795e-13,True
BTCUSDT,1d,hurst,0.21357285429141717,False
BTCUSDT,1d,regime_persistence,0.011976047904191617,True
BTCUSDT,1d,directional_baseline,0.8882235528942116,False
ETHUSDT,15m,variance_ratio,0.9971063589910627,False
ETHUSDT,15m,autocorrelation,0.09847955973224648,False
ETHUSDT,15m,arch_vol_clustering,5.68666648103582e-149,True
ETHUSDT,15m,hurst,0.18562874251497005,False
ETHUSDT,15m,regime_persistence,0.001996007984031936,True
ETHUSDT,15m,directional_baseline,0.001996007984031936,True
ETHUSDT,1h,variance_ratio,0.9969881962305266,False
ETHUSDT,1h,autocorrelation,0.5461576131199971,False
ETHUSDT,1h,arch_vol_clustering,5.089453789600645e-26,True
ETHUSDT,1h,hurst,0.18163672654690619,False
ETHUSDT,1h,regime_persistence,0.001996007984031936,True
ETHUSDT,1h,directional_baseline,0.001996007984031936,True
ETHUSDT,4h,variance_ratio,0.9884477304233913,False
ETHUSDT,4h,autocorrelation,0.0004841712158534815,True
ETHUSDT,4h,arch_vol_clustering,1.7002173168180187e-18,True
ETHUSDT,4h,hurst,0.11377245508982035,False
ETHUSDT,4h,regime_persistence,0.001996007984031936,True
ETHUSDT,4h,directional_baseline,0.023952095808383235,False
ETHUSDT,1d,variance_ratio,0.9876229935500832,False
ETHUSDT,1d,autocorrelation,0.8428238080583934,False
ETHUSDT,1d,arch_vol_clustering,0.0012369293892189228,True
ETHUSDT,1d,hurst,0.1217564870259481,False
ETHUSDT,1d,regime_persistence,0.36726546906187624,False
ETHUSDT,1d,directional_baseline,0.5269461077844312,False
SOLUSDT,15m,variance_ratio,0.9934322522565482,False
SOLUSDT,15m,autocorrelation,9.932844703922467e-05,True
SOLUSDT,15m,arch_vol_clustering,0.0,True
SOLUSDT,15m,hurst,0.5109780439121756,False
SOLUSDT,15m,regime_persistence,0.001996007984031936,True
SOLUSDT,15m,directional_baseline,0.001996007984031936,True
SOLUSDT,1h,variance_ratio,0.9879858583373503,False
SOLUSDT,1h,autocorrelation,0.0006519217169916084,True
SOLUSDT,1h,arch_vol_clustering,3.647549763781861e-117,True
SOLUSDT,1h,hurst,0.4091816367265469,False
SOLUSDT,1h,regime_persistence,0.001996007984031936,True
SOLUSDT,1h,directional_baseline,0.001996007984031936,True
SOLUSDT,4h,variance_ratio,0.9878546962009769,False
SOLUSDT,4h,autocorrelation,0.07464545662949035,False
SOLUSDT,4h,arch_vol_clustering,5.870711780865594e-22,True
SOLUSDT,4h,hurst,0.31137724550898205,False
SOLUSDT,4h,regime_persistence,0.001996007984031936,True
SOLUSDT,4h,directional_baseline,0.2315369261477046,False
SOLUSDT,1d,variance_ratio,0.9721275144668423,False
SOLUSDT,1d,autocorrelation,0.47659475239861243,False
SOLUSDT,1d,arch_vol_clustering,6.186213796854556e-09,True
SOLUSDT,1d,hurst,0.4291417165668663,False
SOLUSDT,1d,regime_persistence,0.041916167664670656,False
SOLUSDT,1d,directional_baseline,0.4590818363273453,False
LINKUSDT,15m,variance_ratio,0.9961676744394596,False
LINKUSDT,15m,autocorrelation,3.9451087360505227e-25,True
LINKUSDT,15m,arch_vol_clustering,0.0,True
LINKUSDT,15m,hurst,0.6926147704590818,False
LINKUSDT,15m,regime_persistence,0.001996007984031936,True
LINKUSDT,15m,directional_baseline,0.001996007984031936,True
LINKUSDT,1h,variance_ratio,0.9929277486176283,False
LINKUSDT,1h,autocorrelation,0.45900954129065696,False
LINKUSDT,1h,arch_vol_clustering,3.0435109863383015e-88,True
LINKUSDT,1h,hurst,0.5768463073852296,False
LINKUSDT,1h,regime_persistence,0.001996007984031936,True
LINKUSDT,1h,directional_baseline,0.001996007984031936,True
LINKUSDT,4h,variance_ratio,0.9938627417123148,False
LINKUSDT,4h,autocorrelation,0.07595024184038245,False
LINKUSDT,4h,arch_vol_clustering,6.289959608422579e-34,True
LINKUSDT,4h,hurst,0.46506986027944114,False
LINKUSDT,4h,regime_persistence,0.001996007984031936,True
LINKUSDT,4h,directional_baseline,0.4311377245508982,False
LINKUSDT,1d,variance_ratio,0.9622309365712577,False
LINKUSDT,1d,autocorrelation,0.3669988981403248,False
LINKUSDT,1d,arch_vol_clustering,2.442246566499671e-06,True
LINKUSDT,1d,hurst,0.31736526946107785,False
LINKUSDT,1d,regime_persistence,0.005988023952095809,True
LINKUSDT,1d,directional_baseline,0.9201596806387226,False
DOGEUSDT,15m,variance_ratio,0.9963354571303589,False
DOGEUSDT,15m,autocorrelation,0.0012551182736331783,True
DOGEUSDT,15m,arch_vol_clustering,0.0,True
DOGEUSDT,15m,hurst,0.5049900199600799,False
DOGEUSDT,15m,regime_persistence,0.001996007984031936,True
DOGEUSDT,15m,directional_baseline,0.001996007984031936,True
DOGEUSDT,1h,variance_ratio,0.9913112399648191,False
DOGEUSDT,1h,autocorrelation,0.06935781386948763,False
DOGEUSDT,1h,arch_vol_clustering,8.170599227578831e-123,True
DOGEUSDT,1h,hurst,0.2954091816367265,False
DOGEUSDT,1h,regime_persistence,0.001996007984031936,True
DOGEUSDT,1h,directional_baseline,0.001996007984031936,True
DOGEUSDT,4h,variance_ratio,0.9901288253912157,False
DOGEUSDT,4h,autocorrelation,0.3512475963617443,False
DOGEUSDT,4h,arch_vol_clustering,3.019575440872248e-26,True
DOGEUSDT,4h,hurst,0.2634730538922156,False
DOGEUSDT,4h,regime_persistence,0.001996007984031936,True
DOGEUSDT,4h,directional_baseline,0.35528942115768464,False
DOGEUSDT,1d,variance_ratio,0.9594525827019409,False
DOGEUSDT,1d,autocorrelation,0.1276230181355257,False
DOGEUSDT,1d,arch_vol_clustering,2.5956274753903917e-08,True
DOGEUSDT,1d,hurst,0.18962075848303392,False
DOGEUSDT,1d,regime_persistence,0.08582834331337326,False
DOGEUSDT,1d,directional_baseline,0.9021956087824351,False
