symbol,side,entry_price,exit_price,entry_time,exit_time,size,pnl,exit_reason,stop_loss,take_profit,mfe,mae,mfe_price,mae_price,mfe_time,mae_time
BTCUSDT,long,29481.969477823564,29428.39714422796,2025-09-16T19:59:14.943443,2025-09-16T20:59:14.943443,1.0,-18.171219407814657,Stop loss,30956.067951714744,30661.24825693651,0.0,-0.00181712,,29428.39714422796,,2025-09-16T20:59:14.943443
BTCUSDT,long,29511.07704908252,29428.45266084229,2025-09-16T21:59:14.943443,2025-09-16T22:59:14.943443,1.0,-27.946878900537982,Stop loss,30986.630901536646,30691.52013104582,0.0,-0.00279978,,29428.45266084229,,2025-09-16T22:59:14.943443
BTCUSDT,long,29463.013531574004,29592.371525115188,2025-09-16T23:59:14.943443,2025-09-17T00:59:14.943443,1.0,43.7027322194609,Stop loss,30936.164208152706,30641.534072836967,0.00439052,0.0,29592.371525115188,,2025-09-17T00:59:14.943443,
BTCUSDT,long,29533.80491873591,29500.37400081849,2025-09-17T01:59:14.943443,2025-09-17T02:59:14.943443,1.0,-11.316809066369506,Stop loss,31010.495164672706,30715.15711548535,0.0,-0.00113195,,29500.37400081849,,2025-09-17T02:59:14.943443
BTCUSDT,long,29506.25409183768,29476.557684606145,2025-09-17T03:59:14.943443,2025-09-17T04:59:14.943443,1.0,-10.050624356678359,Stop loss,30981.566796429564,30686.504255511187,0.0,-0.00100644,,29476.557684606145,,2025-09-17T04:59:14.943443
BTCUSDT,long,29385.282854155947,29389.312615258033,2025-09-17T05:59:14.943443,2025-09-17T06:59:14.943443,1.0,1.368092055469582,Stop loss,30854.546996863744,30560.694168322185,0.00013714,0.0,29389.312615258033,,2025-09-17T06:59:14.943443,
BTCUSDT,long,29326.938147479672,29354.72933894053,2025-09-17T07:59:14.943443,2025-09-17T08:59:14.943443,1.0,9.455094895610916,Stop loss,30793.285054853655,30500.01567337886,0.00094763,0.0,29354.72933894053,,2025-09-17T08:59:14.943443,
BTCUSDT,long,29300.800038954894,29391.769599110543,2025-09-17T09:59:14.943443,2025-09-17T10:59:14.943443,1.0,31.006548288585314,Stop loss,30765.84004090264,30472.83204051309,0.00310468,0.0,29391.769599110543,,2025-09-17T10:59:14.943443,
BTCUSDT,long,29345.763242536694,29326.867046919226,2025-09-17T11:59:14.943443,2025-09-17T12:59:14.943443,1.0,-6.450777001025233,Stop loss,30813.05140466353,30519.593772238164,0.0,-0.00064392,,29326.867046919226,,2025-09-17T12:59:14.943443
BTCUSDT,long,29374.621708171882,29302.398294529346,2025-09-17T13:59:14.943443,2025-09-17T14:59:14.943443,1.0,-24.61552212577385,Stop loss,30843.352793580478,30549.606576498758,0.0,-0.0024587,,29302.398294529346,,2025-09-17T14:59:14.943443
BTCUSDT,long,29315.731570285065,29392.47152887655,2025-09-17T15:59:14.943443,2025-09-17T16:59:14.943443,1.0,26.14297646535855,Stop loss,30781.518148799318,30488.360833096467,0.00261771,0.0,29392.47152887655,,2025-09-17T16:59:14.943443,
BTCUSDT,long,29298.127456243372,29308.948306655806,2025-09-17T17:59:14.943443,2025-09-17T18:59:14.943443,1.0,3.698206069313569,Stop loss,30763.03382905554,30470.052554493108,0.00036934,0.0,29308.948306655806,,2025-09-17T18:59:14.943443,
BTCUSDT,long,29324.18604910468,29370.074555137395,2025-09-17T19:59:14.943443,2025-09-17T20:59:14.943443,1.0,15.67501269110506,Stop loss,30790.395351559913,30497.153491068868,0.00156487,0.0,29370.074555137395,,2025-09-17T20:59:14.943443,
BTCUSDT,long,29297.505687062567,29220.235593515394,2025-09-17T21:59:14.943443,2025-09-17T22:59:14.943443,1.0,-26.459998915514866,Stop loss,30762.380971415696,30469.40591454507,0.0,-0.00263743,,29220.235593515394,,2025-09-17T22:59:14.943443
BTCUSDT,long,29250.75403061167,29268.13324271556,2025-09-17T23:59:14.943443,2025-09-18T00:59:14.943443,1.0,5.945044570697473,Stop loss,30713.291732142257,30420.78419183614,0.00059415,0.0,29268.13324271556,,2025-09-18T00:59:14.943443,
BTCUSDT,long,29282.79983252523,29303.096810706993,2025-09-18T01:59:14.943443,2025-09-18T02:59:14.943443,1.0,6.939670348657721,Stop loss,30746.939824151494,30454.11182582624,0.00069314,0.0,29303.096810706993,,2025-09-18T02:59:14.943443,
BTCUSDT,long,29263.27023939893,29276.86640232181,2025-09-18T03:59:14.943443,2025-09-18T04:59:14.943443,1.0,4.654944186397253,Stop loss,30726.43375136888,30433.80104897489,0.00046462,0.0,29276.86640232181,,2025-09-18T04:59:14.943443,
BTCUSDT,long,29294.031919864967,29252.209336517346,2025-09-18T05:59:14.943443,2025-09-18T06:59:14.943443,1.0,-14.31048701064444,Stop loss,30758.733515858217,30465.793196659568,0.0,-0.00142768,,29252.209336517346,,2025-09-18T06:59:14.943443
BTCUSDT,long,29361.569303808184,29389.407448645838,2025-09-18T07:59:14.943443,2025-09-18T08:59:14.943443,1.0,9.489935428275055,Stop loss,30829.647768998595,30536.032075960513,0.00094812,0.0,29389.407448645838,,2025-09-18T08:59:14.943443,
BTCUSDT,long,29319.46739381558,29357.9922861784,2025-09-18T09:59:14.943443,2025-09-18T10:59:14.943443,1.0,13.1643419380812,Stop loss,30785.440763506358,30492.246089568205,0.00131397,0.0,29357.9922861784,,2025-09-18T10:59:14.943443,
BTCUSDT,long,29300.818636479824,29346.979405830094,2025-09-18T11:59:14.943443,2025-09-18T12:59:14.943443,1.0,15.804376117954602,Stop loss,30765.859568303815,30472.851381939017,0.00157541,0.0,29346.979405830094,,2025-09-18T12:59:14.943443,
BTCUSDT,long,29415.060815380963,29366.819576334485,2025-09-18T13:59:14.943443,2025-09-18T14:59:14.943443,1.0,-16.47845265952947,Stop loss,30885.813856150013,30591.663247996203,0.0,-0.00164002,,29366.819576334485,,2025-09-18T14:59:14.943443
BTCUSDT,long,29423.456707616606,29447.75762065671,2025-09-18T15:59:14.943443,2025-09-18T16:59:14.943443,1.0,8.284833565074424,Stop loss,30894.629542997438,30600.39497592127,0.0008259,0.0,29447.75762065671,,2025-09-18T16:59:14.943443,
BTCUSDT,long,29496.21309974271,29608.322032775734,2025-09-18T17:59:14.943443,2025-09-18T18:59:14.943443,1.0,38.15815641054132,Stop loss,30971.023754729846,30676.061623732418,0.00380079,0.0,29608.322032775734,,2025-09-18T18:59:14.943443,
BTCUSDT,long,29593.794537218833,29549.21631950903,2025-09-18T19:59:14.943443,2025-09-18T20:59:14.943443,1.0,-15.180392714338083,Stop loss,31073.484264079776,30777.546318707587,0.0,-0.00150634,,29549.21631950903,,2025-09-18T20:59:14.943443
BTCUSDT,long,29496.694143993842,29448.60597257667,2025-09-18T21:59:14.943443,2025-09-18T22:59:14.943443,1.0,-16.404809496538718,Stop loss,30971.528851193536,30676.561909753596,0.0,-0.00163029,,29448.60597257667,,2025-09-18T22:59:14.943443
BTCUSDT,long,29444.06524696268,29464.161904208602,2025-09-18T23:59:14.943443,2025-09-19T00:59:14.943443,1.0,6.856835390181366,Stop loss,30916.268509310816,30621.827856841188,0.00068254,0.0,29464.161904208602,,2025-09-19T00:59:14.943443,
BTCUSDT,long,29480.471341481363,29529.283210843892,2025-09-19T01:59:14.943443,2025-09-19T02:59:14.943443,1.0,16.64504630903337,Stop loss,30954.494908555433,30659.690195140618,0.00165574,0.0,29529.283210843892,,2025-09-19T02:59:14.943443,
BTCUSDT,long,29530.051093922862,29616.02186595484,2025-09-19T03:59:14.943443,2025-09-19T04:59:14.943443,1.0,29.315621175305544,Stop loss,31006.553648619007,30711.253137679778,0.0029113,0.0,29616.02186595484,,2025-09-19T04:59:14.943443,
BTCUSDT,long,29600.34984890685,29761.8246072566,2025-09-19T05:59:14.943443,2025-09-19T06:59:14.943443,1.0,55.09127143968027,Stop loss,31080.367341352194,30784.363842863128,0.00545516,0.0,29761.8246072566,,2025-09-19T06:59:14.943443,
BTCUSDT,long,29799.089921817842,29748.048654524493,2025-09-19T07:59:14.943443,2025-09-19T08:59:14.943443,1.0,-17.3922653727593,Stop loss,31289.044417908735,30991.053518690558,0.0,-0.00171285,,29748.048654524493,,2025-09-19T08:59:14.943443
BTCUSDT,long,29684.40291233004,29713.06054776131,2025-09-19T09:59:14.943443,2025-09-19T10:59:14.943443,1.0,9.786000268383317,Stop loss,31168.62305794654,30871.779028823243,0.00096541,0.0,29713.06054776131,,2025-09-19T10:59:14.943443,
BTCUSDT,long,29699.783988258154,29742.225605265554,2025-09-19T11:59:14.943443,2025-09-19T12:59:14.943443,1.0,14.499428647821832,Stop loss,31184.773187671064,30887.77534778848,0.00142902,0.0,29742.225605265554,,2025-09-19T12:59:14.943443,
BTCUSDT,long,29770.389211631213,29766.05323727187,2025-09-19T13:59:14.943443,2025-09-19T14:59:14.943443,1.0,-1.4799076785083902,Stop loss,31258.908672212776,30961.20478009646,0.0,-0.00014565,,29766.05323727187,,2025-09-19T14:59:14.943443
BTCUSDT,long,29715.6844874659,29625.79128634234,2025-09-19T15:59:14.943443,2025-09-19T16:59:14.943443,1.0,-30.733376753961004,Stop loss,31201.468711839196,30904.311866964537,0.0,-0.00302511,,29625.79128634234,,2025-09-19T16:59:14.943443
BTCUSDT,long,29599.34637859421,29650.087509935864,2025-09-19T17:59:14.943443,2025-09-19T18:59:14.943443,1.0,17.363265977163444,Stop loss,31079.313697523925,30783.32023373798,0.00171427,0.0,29650.087509935864,,2025-09-19T18:59:14.943443,
BTCUSDT,long,29662.786024912042,29588.97384811346,2025-09-19T19:59:14.943443,2025-09-19T20:59:14.943443,1.0,-25.24720611980176,Stop loss,31145.925326157645,30849.297465908527,0.0,-0.00248838,,29588.97384811346,,2025-09-19T20:59:14.943443
BTCUSDT,long,29599.224114933688,29622.043097310827,2025-09-19T21:59:14.943443,2025-09-19T22:59:14.943443,1.0,7.802453017953708,Stop loss,31079.185320680375,30783.193079531036,0.00077093,0.0,29622.043097310827,,2025-09-19T22:59:14.943443,
BTCUSDT,long,29569.726025633045,29578.818641856953,2025-09-19T23:59:14.943443,2025-09-20T00:59:14.943443,1.0,3.114522403024574,Stop loss,31048.212326914698,30752.51506665837,0.0003075,0.0,29578.818641856953,,2025-09-20T00:59:14.943443,
BTCUSDT,long,29582.262332558465,29514.716270736997,2025-09-20T01:59:14.943443,2025-09-20T02:59:14.943443,1.0,-23.134071410810606,Stop loss,31061.375449186387,30765.552825860803,0.0,-0.00228333,,29514.716270736997,,2025-09-20T02:59:14.943443
BTCUSDT,long,29535.843813855226,29568.988885992403,2025-09-20T03:59:14.943443,2025-09-20T04:59:14.943443,1.0,11.34384378045048,Stop loss,31012.63600454799,30717.277566409437,0.0011222,0.0,29568.988885992403,,2025-09-20T04:59:14.943443,
BTCUSDT,long,29633.10776529869,29695.628486162055,2025-09-20T05:59:14.943443,2025-09-20T06:59:14.943443,1.0,21.351309647567707,Stop loss,31114.763153563625,30818.432075910638,0.00210983,0.0,29695.628486162055,,2025-09-20T06:59:14.943443,
BTCUSDT,long,29613.919590243564,29558.42629886731,2025-09-20T07:59:14.943443,2025-09-20T08:59:14.943443,1.0,-19.003677632992755,Stop loss,31094.615569755744,30798.476373853307,0.0,-0.00187389,,29558.42629886731,,2025-09-20T08:59:14.943443
BTCUSDT,long,29588.889249641965,29619.309587706666,2025-09-20T09:59:14.943443,2025-09-20T10:59:14.943443,1.0,10.406719592802837,Stop loss,31068.333712124066,30772.444819627646,0.0010281,0.0,29619.309587706666,,2025-09-20T10:59:14.943443,
BTCUSDT,long,29649.83602132264,29879.18421742571,2025-09-20T11:59:14.943443,2025-09-20T12:59:14.943443,1.0,78.37865029237294,Stop loss,31132.327822388776,30835.82946217555,0.00773523,0.0,29879.18421742571,,2025-09-20T12:59:14.943443,
BTCUSDT,long,29913.319186521232,29981.333466869964,2025-09-20T13:59:14.943443,2025-09-20T14:59:14.943443,1.0,23.217031461293026,Stop loss,31408.985145847295,31109.85195398208,0.00227371,0.0,29981.333466869964,,2025-09-20T14:59:14.943443,
BTCUSDT,long,30038.592564778013,30077.75182003221,2025-09-20T15:59:14.943443,2025-09-20T16:59:14.943443,1.0,13.341736864196333,Stop loss,31540.522193016914,31240.136267369136,0.00130363,0.0,30077.75182003221,,2025-09-20T16:59:14.943443,
BTCUSDT,long,30058.792617720184,30104.454661842665,2025-09-20T17:59:14.943443,2025-09-20T18:59:14.943443,1.0,15.567079238505402,Stop loss,31561.732248606197,31261.144322428994,0.00151909,0.0,30104.454661842665,,2025-09-20T18:59:14.943443,
BTCUSDT,long,30057.959640358986,30043.726443064064,2025-09-20T19:59:14.943443,2025-09-20T20:59:14.943443,1.0,-4.85987975080966,Stop loss,31560.857622376938,31260.278025973344,0.0,-0.00047353,,30043.726443064064,,2025-09-20T20:59:14.943443
BTCUSDT,long,30014.576334440422,30019.491572073144,2025-09-20T21:59:14.943443,2025-09-20T22:59:14.943443,1.0,1.6799221434923983,Stop loss,31515.305151162444,31215.15938781804,0.00016376,0.0,30019.491572073144,,2025-09-20T22:59:14.943443,
BTCUSDT,long,30158.783483198713,30046.364636356364,2025-09-20T23:59:14.943443,2025-09-21T00:59:14.943443,1.0,-38.244877551672666,Stop loss,31666.72265735865,31365.134822526663,0.0,-0.00372757,,30046.364636356364,,2025-09-21T00:59:14.943443
BTCUSDT,long,30087.632197993527,29990.742932902856,2025-09-21T01:59:14.943443,2025-09-21T02:59:14.943443,1.0,-32.91650619955294,Stop loss,31592.013807893207,31291.13748591327,0.0,-0.00322024,,29990.742932902856,,2025-09-21T02:59:14.943443
BTCUSDT,long,29962.449113221028,30027.775478280528,2025-09-21T03:59:14.943443,2025-09-21T04:59:14.943443,1.0,22.214496741191127,Stop loss,31460.571568882082,31160.94707774987,0.00218027,0.0,30027.775478280528,,2025-09-21T04:59:14.943443,
BTCUSDT,long,30031.63609839822,29966.97293586467,2025-09-21T05:59:14.943443,2025-09-21T06:59:14.943443,1.0,-21.986145297322185,Stop loss,31533.21790331813,31232.901542334148,0.0,-0.00215317,,29966.97293586467,,2025-09-21T06:59:14.943443
BTCUSDT,long,29924.132613220278,29964.833013180134,2025-09-21T07:59:14.943443,2025-09-21T08:59:14.943443,1.0,13.85836943286913,Stop loss,31420.33924388129,31121.097917749088,0.00136012,0.0,29964.833013180134,,2025-09-21T08:59:14.943443,
BTCUSDT,long,29921.094337910716,29934.05049793876,2025-09-21T09:59:14.943443,2025-09-21T10:59:14.943443,1.0,4.417984108634811,Stop loss,31417.149054806254,31117.938111427145,0.00043301,0.0,29934.05049793876,,2025-09-21T10:59:14.943443,
BTCUSDT,long,29936.778921790094,29897.790700942987,2025-09-21T11:59:14.943443,2025-09-21T12:59:14.943443,1.0,-13.293571631594101,Stop loss,31433.6178678796,31134.2500786617,0.0,-0.00130235,,29897.790700942987,,2025-09-21T12:59:14.943443
BTCUSDT,long,30026.264327687237,30064.356910450453,2025-09-21T13:59:14.943443,2025-09-21T14:59:14.943443,1.0,12.932618791249961,Stop loss,31527.5775440716,31227.31490079473,0.00126864,0.0,30064.356910450453,,2025-09-21T14:59:14.943443,
BTCUSDT,long,29942.83395884539,29954.001982218215,2025-09-21T15:59:14.943443,2025-09-21T16:59:14.943443,1.0,3.806986941691889,Stop loss,31439.97565678766,31140.547317199205,0.00037298,0.0,29954.001982218215,,2025-09-21T16:59:14.943443,
BTCUSDT,long,29914.381901880184,29965.425433370456,2025-09-21T17:59:14.943443,2025-09-21T18:59:14.943443,1.0,17.422906547307267,Stop loss,31410.100996974194,31110.95717795539,0.00170632,0.0,29965.425433370456,,2025-09-21T18:59:14.943443,
BTCUSDT,long,29917.96661322196,29911.102038818666,2025-09-21T19:59:14.943443,2025-09-21T20:59:14.943443,1.0,-2.346831369754482,Stop loss,31413.86494388306,31114.68527775084,0.0,-0.00022945,,29911.102038818666,,2025-09-21T20:59:14.943443
BTCUSDT,long,29941.32675140459,29993.215379600657,2025-09-21T21:59:14.943443,2025-09-21T22:59:14.943443,1.0,17.72155516466969,Stop loss,31438.393088974823,31138.979821460776,0.00173301,0.0,29993.215379600657,,2025-09-21T22:59:14.943443,
BTCUSDT,long,29921.300236312705,29901.28950685875,2025-09-21T23:59:14.943443,2025-09-22T00:59:14.943443,1.0,-6.850702786108522,Stop loss,31417.365248128343,31118.152245765214,0.0,-0.00066878,,29901.28950685875,,2025-09-22T00:59:14.943443
BTCUSDT,long,29872.900037940635,29833.89185096649,2025-09-22T01:59:14.943443,2025-09-22T02:59:14.943443,1.0,-13.367201779968749,Stop loss,31366.545039837667,31067.816039458263,0.0,-0.00130581,,29833.89185096649,,2025-09-22T02:59:14.943443
BTCUSDT,long,29939.418786049813,29963.678443531433,2025-09-22T03:59:14.943443,2025-09-22T04:59:14.943443,1.0,8.28392100828975,Stop loss,31436.389725352306,31136.995537491806,0.00081029,0.0,29963.678443531433,,2025-09-22T04:59:14.943443,
BTCUSDT,long,29888.212194981505,29943.12909096717,2025-09-22T05:59:14.943443,2025-09-22T06:59:14.943443,1.0,18.799766539392706,Stop loss,31382.62280473058,31083.740682780764,0.00183741,0.0,29943.12909096717,,2025-09-22T06:59:14.943443,
BTCUSDT,long,30070.487167427425,30132.644787661084,2025-09-22T07:59:14.943443,2025-09-22T08:59:14.943443,1.0,21.188371129996664,Stop loss,31574.011525798796,31273.306654124524,0.00206706,0.0,30132.644787661084,,2025-09-22T08:59:14.943443,
BTCUSDT,long,30041.218497402395,30012.138617970035,2025-09-22T09:59:14.943443,2025-09-22T10:59:14.943443,1.0,-9.942955647374937,Stop loss,31543.279422272517,31242.86723729849,0.0,-0.000968,,30012.138617970035,,2025-09-22T10:59:14.943443
BTCUSDT,long,30088.28046824364,30045.725475495714,2025-09-22T11:59:14.943443,2025-09-22T12:59:14.943443,1.0,-14.513528042413297,Stop loss,31592.694491655824,31291.811686973386,0.0,-0.00141434,,30045.725475495714,,2025-09-22T12:59:14.943443
BTCUSDT,long,30072.40706895093,30119.03339913631,2025-09-22T13:59:14.943443,2025-09-22T14:59:14.943443,1.0,15.887962778509653,Stop loss,31576.027422398478,31275.30335170897,0.00155047,0.0,30119.03339913631,,2025-09-22T14:59:14.943443,
BTCUSDT,long,30063.24862405667,30059.669785935068,2025-09-22T15:59:14.943443,2025-09-22T16:59:14.943443,1.0,-1.221755084967692,Stop loss,31566.411055259505,31265.778569018938,0.0,-0.00011904,,30059.669785935068,,2025-09-22T16:59:14.943443
BTCUSDT,long,29865.43717408549,29804.312241603435,2025-09-22T17:59:14.943443,2025-09-22T18:59:14.943443,1.0,-21.00273350978959,Stop loss,31358.709032789768,31060.05466104891,0.0,-0.00204668,,29804.312241603435,,2025-09-22T18:59:14.943443
BTCUSDT,long,29789.26080334461,29715.012410507312,2025-09-22T19:59:14.943443,2025-09-22T20:59:14.943443,1.0,-25.524889160238978,Stop loss,31278.72384351184,30980.831235478396,0.0,-0.00249246,,29715.012410507312,,2025-09-22T20:59:14.943443
BTCUSDT,long,29812.185194454774,29727.035749024133,2025-09-22T21:59:14.943443,2025-09-22T22:59:14.943443,1.0,-29.177006811189493,Stop loss,31302.794454177514,31004.672602232968,0.0,-0.0028562,,29727.035749024133,,2025-09-22T22:59:14.943443
BTCUSDT,long,29700.884821908978,29708.652059012835,2025-09-22T23:59:14.943443,2025-09-23T00:59:14.943443,1.0,2.663837285782247,Stop loss,31185.929063004427,30888.92021478534,0.00026152,0.0,29708.652059012835,,2025-09-23T00:59:14.943443,
BTCUSDT,long,29794.412176731137,29708.97357597804,2025-09-23T01:59:14.943443,2025-09-23T02:59:14.943443,1.0,-29.217522280344408,Stop loss,31284.132785567694,30986.188663800385,0.0,-0.0028676,,29708.97357597804,,2025-09-23T02:59:14.943443
BTCUSDT,long,29778.166830212875,29778.77628004584,2025-09-23T03:59:14.943443,2025-09-23T04:59:14.943443,1.0,0.2079298823521604,Stop loss,31267.075171723518,30969.29350342139,2.047e-05,0.0,29778.77628004584,,2025-09-23T04:59:14.943443,
BTCUSDT,long,29720.377364766468,29747.85784090726,2025-09-23T05:59:14.943443,2025-09-23T06:59:14.943443,1.0,9.394111840726847,Stop loss,31206.39623300479,30909.192459357128,0.00092463,0.0,29747.85784090726,,2025-09-23T06:59:14.943443,
BTCUSDT,long,29759.70339777529,29724.00027919993,2025-09-23T07:59:14.943443,2025-09-23T08:59:14.943443,1.0,-12.20013746987429,Stop loss,31247.688567664056,30950.091533686304,0.0,-0.00119971,,29724.00027919993,,2025-09-23T08:59:14.943443
BTCUSDT,long,29728.15016325121,29705.249667322092,2025-09-23T09:59:14.943443,2025-09-23T10:59:14.943443,1.0,-7.824252010344066,Stop loss,31214.557671413775,30917.27616978126,0.0,-0.00077033,,29705.249667322092,,2025-09-23T10:59:14.943443
BTCUSDT,long,29711.9945551194,29751.367065104427,2025-09-23T11:59:14.943443,2025-09-23T12:59:14.943443,1.0,13.449075901588385,Stop loss,31197.594282875372,30900.474337324176,0.00132514,0.0,29751.367065104427,,2025-09-23T12:59:14.943443,
BTCUSDT,long,29845.889236539726,29772.09321154647,2025-09-23T13:59:14.943443,2025-09-23T14:59:14.943443,1.0,-25.127814385737373,Stop loss,31338.183698366713,31039.724806001315,0.0,-0.00247257,,29772.09321154647,,2025-09-23T14:59:14.943443
BTCUSDT,long,29899.37425012123,29782.869418394006,2025-09-23T15:59:14.943443,2025-09-23T16:59:14.943443,1.0,-39.50144235799748,Stop loss,31394.342962627292,31095.349220126078,0.0,-0.00389656,,29782.869418394006,,2025-09-23T16:59:14.943443
BTCUSDT,long,29773.82959924303,29808.88313030664,2025-09-23T17:59:14.943443,2025-09-23T18:59:14.943443,1.0,11.88865236793893,Stop loss,31262.52107920518,30964.78278321275,0.00117733,0.0,29808.88313030664,,2025-09-23T18:59:14.943443,
BTCUSDT,long,29825.639945886287,29788.518243005597,2025-09-23T19:59:14.943443,2025-09-23T20:59:14.943443,1.0,-12.58301399435128,Stop loss,31316.9219431806,31018.665543721738,0.0,-0.00124462,,29788.518243005597,,2025-09-23T20:59:14.943443
BTCUSDT,long,29776.121516316154,29746.77667425202,2025-09-23T21:59:14.943443,2025-09-23T22:59:14.943443,1.0,-9.95105985260884,Stop loss,31264.927592131964,30967.166376968802,0.0,-0.00098552,,29746.77667425202,,2025-09-23T22:59:14.943443
BTCUSDT,long,29711.733927660236,29762.263148136324,2025-09-23T23:59:14.943443,2025-09-24T00:59:14.943443,1.0,17.15505346921054,Stop loss,31197.32062404325,30900.203284766645,0.00170065,0.0,29762.263148136324,,2025-09-24T00:59:14.943443,
BTCUSDT,long,29783.521914624464,29742.275924737085,2025-09-24T01:59:14.943443,2025-09-24T02:59:14.943443,1.0,-13.993331058158663,Stop loss,31272.69801035569,30974.86279120944,0.0,-0.00138486,,29742.275924737085,,2025-09-24T02:59:14.943443
BTCUSDT,long,29795.836388709322,29814.15450977527,2025-09-24T03:59:14.943443,2025-09-24T04:59:14.943443,1.0,6.2035304801225735,Stop loss,31285.62820814479,30987.669844257696,0.00061479,0.0,29814.15450977527,,2025-09-24T04:59:14.943443,
BTCUSDT,long,29862.66352384362,29900.291999347235,2025-09-24T05:59:14.943443,2025-09-24T06:59:14.943443,1.0,12.72238622896146,Stop loss,31355.796700035804,31057.170064797367,0.00126005,0.0,29900.291999347235,,2025-09-24T06:59:14.943443,
BTCUSDT,long,29850.75868777723,29817.33375718112,2025-09-24T07:59:14.943443,2025-09-24T08:59:14.943443,1.0,-11.31989823103559,Stop loss,31343.296622166094,31044.78903528832,0.0,-0.00111973,,29817.33375718112,,2025-09-24T08:59:14.943443
BTCUSDT,long,29861.93168230063,29898.40761192832,2025-09-24T09:59:14.943443,2025-09-24T10:59:14.943443,1.0,12.334719746619253,Stop loss,31355.028266415662,31056.408949592656,0.00122149,0.0,29898.40761192832,,2025-09-24T10:59:14.943443,
BTCUSDT,long,29897.15778929963,29904.17412305909,2025-09-24T11:59:14.943443,2025-09-24T12:59:14.943443,1.0,2.37274633894583,Stop loss,31392.015678764612,31093.044100871615,0.00023468,0.0,29904.17412305909,,2025-09-24T12:59:14.943443,
BTCUSDT,long,29980.686866100277,29945.23640857678,2025-09-24T13:59:14.943443,2025-09-24T14:59:14.943443,1.0,-11.95785137195146,Stop loss,31479.721209405292,31179.91434074429,0.0,-0.00118244,,29945.23640857678,,2025-09-24T14:59:14.943443
BTCUSDT,long,29978.02026210158,29965.90004202317,2025-09-24T15:59:14.943443,2025-09-24T16:59:14.943443,1.0,-4.083820168476441,Stop loss,31476.921275206663,31177.141072585644,0.0,-0.0004043,,29965.90004202317,,2025-09-24T16:59:14.943443
BTCUSDT,long,29952.856855131937,30018.75224446827,2025-09-24T17:59:14.943443,2025-09-24T18:59:14.943443,1.0,22.21264151244866,Stop loss,31450.499697888536,31150.971129337217,0.00219997,0.0,30018.75224446827,,2025-09-24T18:59:14.943443,
BTCUSDT,long,30068.349109025094,30117.31071243802,2025-09-24T19:59:14.943443,2025-09-24T20:59:14.943443,1.0,16.477217088144908,Stop loss,31571.76656447635,31271.083073386097,0.00162834,0.0,30117.31071243802,,2025-09-24T20:59:14.943443,
BTCUSDT,long,30196.04847992167,30197.316972605116,2025-09-24T21:59:14.943443,2025-09-24T22:59:14.943443,1.0,0.42577707476532695,Stop loss,31705.85090391775,31403.890419118536,4.201e-05,0.0,30197.316972605116,,2025-09-24T22:59:14.943443,
BTCUSDT,long,30238.53137256778,30219.7731711098,2025-09-24T23:59:14.943443,2025-09-25T00:59:14.943443,1.0,-6.28771960097255,Stop loss,31750.45794119617,31448.072627470494,0.0,-0.00062034,,30219.7731711098,,2025-09-25T00:59:14.943443
BTCUSDT,long,30239.371990985062,30231.502126771524,2025-09-25T01:59:14.943443,2025-09-25T02:59:14.943443,1.0,-2.63625637083323,Stop loss,31751.340590534317,31448.946870624466,0.0,-0.00026025,,30231.502126771524,,2025-09-25T02:59:14.943443
BTCUSDT,long,30237.36736310132,30273.38075570655,2025-09-25T03:59:14.943443,2025-09-25T04:59:14.943443,1.0,12.061468559537849,Stop loss,31749.235731256387,31446.862057625374,0.00119102,0.0,30273.38075570655,,2025-09-25T04:59:14.943443,
BTCUSDT,long,30223.880656186877,30350.625797755103,2025-09-25T05:59:14.943443,2025-09-25T06:59:14.943443,1.0,42.518523208728695,Stop loss,31735.07468899622,31432.835882434352,0.00419354,0.0,30350.625797755103,,2025-09-25T06:59:14.943443,
BTCUSDT,long,30289.62067636422,30216.15528828227,2025-09-25T07:59:14.943443,2025-09-25T08:59:14.943443,1.0,-24.694682323029923,Stop loss,31804.10171018243,31501.205503418787,0.0,-0.00242543,,30216.15528828227,,2025-09-25T08:59:14.943443
BTCUSDT,long,30286.223719958594,30334.21464948157,2025-09-25T09:59:14.943443,2025-09-25T10:59:14.943443,1.0,16.094367210411985,Stop loss,31800.534905956527,31497.67266875694,0.00158458,0.0,30334.21464948157,,2025-09-25T10:59:14.943443,
BTCUSDT,long,30372.10266021537,30410.295001802268,2025-09-25T11:59:14.943443,2025-09-25T12:59:14.943443,1.0,12.792308567436349,Stop loss,31890.707793226138,31586.986766623984,0.00125748,0.0,30410.295001802268,,2025-09-25T12:59:14.943443,
BTCUSDT,long,30409.550154974084,30355.02888542965,2025-09-25T13:59:14.943443,2025-09-25T14:59:14.943443,1.0,-18.262037828123557,Stop loss,31930.02766272279,31625.93216117305,0.0,-0.0017929,,30355.02888542965,,2025-09-25T14:59:14.943443
BTCUSDT,long,30359.6313334146,30318.542403715754,2025-09-25T15:59:14.943443,2025-09-25T16:59:14.943443,1.0,-13.760755037485092,Stop loss,31877.612900085333,31574.016586751186,0.0,-0.00135341,,30318.542403715754,,2025-09-25T16:59:14.943443
BTCUSDT,long,30377.728516475698,30368.79529181349,2025-09-25T17:59:14.943443,2025-09-25T18:59:14.943443,1.0,-2.985923749267622,Stop loss,31896.614942299482,31592.837657134725,0.0,-0.00029407,,30368.79529181349,,2025-09-25T18:59:14.943443
BTCUSDT,long,30318.69794764349,30299.216208953774,2025-09-25T19:59:14.943443,2025-09-25T20:59:14.943443,1.0,-6.522516530191572,Stop loss,31834.632845025666,31531.44586554923,0.0,-0.00064257,,30299.216208953774,,2025-09-25T20:59:14.943443
BTCUSDT,long,30324.249543407295,30290.07976134601,2025-09-25T21:59:14.943443,2025-09-25T22:59:14.943443,1.0,-11.430652332471878,Stop loss,31840.462020577663,31537.219525143588,0.0,-0.00112681,,30290.07976134601,,2025-09-25T22:59:14.943443
BTCUSDT,long,30240.310451177134,30255.05239716603,2025-09-25T23:59:14.943443,2025-09-26T00:59:14.943443,1.0,4.939668382485209,Stop loss,31752.32597373599,31449.92286922422,0.00048749,0.0,30255.05239716603,,2025-09-26T00:59:14.943443,
BTCUSDT,long,30269.878981775943,30239.204317577085,2025-09-26T01:59:14.943443,2025-09-26T02:59:14.943443,1.0,-10.273301177850552,Stop loss,31783.37293086474,31480.67414104698,0.0,-0.00101337,,30239.204317577085,,2025-09-26T02:59:14.943443
BTCUSDT,long,30210.730085007275,30224.75413508301,2025-09-26T03:59:14.943443,2025-09-26T04:59:14.943443,1.0,4.701244038291013,Stop loss,31721.26658925764,31419.15928840757,0.00046421,0.0,30224.75413508301,,2025-09-26T04:59:14.943443,
BTCUSDT,long,30137.344785913217,30052.629633276498,2025-09-26T05:59:14.943443,2025-09-26T06:59:14.943443,1.0,-28.481196466387882,Stop loss,31644.21202520888,31342.838577349747,0.0,-0.00281097,,30052.629633276498,,2025-09-26T06:59:14.943443
BTCUSDT,long,30009.47836629232,29996.670224984824,2025-09-26T07:59:14.943443,2025-09-26T08:59:14.943443,1.0,-4.312283205356439,Stop loss,31509.952284606934,31209.857500944014,0.0,-0.0004268,,29996.670224984824,,2025-09-26T08:59:14.943443
BTCUSDT,long,30015.32840878553,30104.025807432266,2025-09-26T09:59:14.943443,2025-09-26T10:59:14.943443,1.0,29.844341210963567,Stop loss,31516.09482922481,31215.941545136953,0.00295507,0.0,30104.025807432266,,2025-09-26T10:59:14.943443,
BTCUSDT,long,30155.708135467827,30146.063558831087,2025-09-26T11:59:14.943443,2025-09-26T12:59:14.943443,1.0,-3.2395846201207577,Stop loss,31663.49354224122,31361.93646088654,0.0,-0.00031983,,30146.063558831087,,2025-09-26T12:59:14.943443
BTCUSDT,long,30144.917053009256,30084.535278659907,2025-09-26T13:59:14.943443,2025-09-26T14:59:14.943443,1.0,-20.282829886583702,Stop loss,31652.16290565972,31350.713735129626,0.0,-0.00200305,,30084.535278659907,,2025-09-26T14:59:14.943443
BTCUSDT,long,30083.421381096006,30066.05871452209,2025-09-26T15:59:14.943443,2025-09-26T16:59:14.943443,1.0,-5.832505848877061,Stop loss,31587.59245015081,31286.758236339847,0.0,-0.00057715,,30066.05871452209,,2025-09-26T16:59:14.943443
BTCUSDT,long,30085.470728832282,30035.736617096536,2025-09-26T17:59:14.943443,2025-09-26T18:59:14.943443,1.0,-16.69601451555555,Stop loss,31589.744265273897,31288.889557985574,0.0,-0.00165309,,30035.736617096536,,2025-09-26T18:59:14.943443
BTCUSDT,long,30066.950735463248,30159.261722592102,2025-09-26T19:59:14.943443,2025-09-26T20:59:14.943443,1.0,30.957133809410543,Stop loss,31570.29827223641,31269.628764881778,0.00307018,0.0,30159.261722592102,,2025-09-26T20:59:14.943443,
BTCUSDT,long,30152.702184469705,30176.937306539625,2025-09-26T21:59:14.943443,2025-09-26T22:59:14.943443,1.0,8.129185403395745,Stop loss,31660.337293693192,31358.810271848495,0.00080375,0.0,30176.937306539625,,2025-09-26T22:59:14.943443,
BTCUSDT,long,30218.61893018482,30194.379999546833,2025-09-26T23:59:14.943443,2025-09-27T00:59:14.943443,1.0,-8.119248272372714,Stop loss,31729.549876694062,31427.363687392215,0.0,-0.00080212,,30194.379999546833,,2025-09-27T00:59:14.943443
BTCUSDT,long,30207.91569967054,30208.67648961322,2025-09-27T01:59:14.943443,2025-09-27T02:59:14.943443,1.0,0.2547255356567124,Stop loss,31718.311484654067,31416.232327657362,2.519e-05,0.0,30208.67648961322,,2025-09-27T02:59:14.943443,
BTCUSDT,long,30214.578397393438,30167.90215844735,2025-09-27T03:59:14.943443,2025-09-27T04:59:14.943443,1.0,-15.624953568157409,Stop loss,31725.307317263112,31423.161533289178,0.0,-0.00154483,,30167.90215844735,,2025-09-27T04:59:14.943443
BTCUSDT,long,30169.38103577245,30199.44460530092,2025-09-27T05:59:14.943443,2025-09-27T06:59:14.943443,1.0,10.063339768479146,Stop loss,31677.850087561073,31376.15627720335,0.00099649,0.0,30199.44460530092,,2025-09-27T06:59:14.943443,
BTCUSDT,long,30287.219379486745,30345.382447688633,2025-09-27T07:59:14.943443,2025-09-27T08:59:14.943443,1.0,19.41281217681802,Stop loss,31801.580348461084,31498.708154666216,0.00192038,0.0,30345.382447688633,,2025-09-27T08:59:14.943443,
BTCUSDT,long,30476.342516531786,30429.606494166113,2025-09-27T09:59:14.943443,2025-09-27T10:59:14.943443,1.0,-15.531831178173466,Stop loss,32000.159642358376,31695.396217193058,0.0,-0.00153352,,30429.606494166113,,2025-09-27T10:59:14.943443
BTCUSDT,long,30482.741578943806,30493.92116246878,2025-09-27T11:59:14.943443,2025-09-27T12:59:14.943443,1.0,3.7088464275164226,Stop loss,32006.878657890997,31702.05124210156,0.00036675,0.0,30493.92116246878,,2025-09-27T12:59:14.943443,
BTCUSDT,long,30627.76539704181,30578.292656038433,2025-09-27T13:59:14.943443,2025-09-27T14:59:14.943443,1.0,-16.340944689105342,Stop loss,32159.1536668939,31852.876012923483,0.0,-0.00161529,,30578.292656038433,,2025-09-27T14:59:14.943443
BTCUSDT,long,30526.98123494019,30490.407865049387,2025-09-27T15:59:14.943443,2025-09-27T16:59:14.943443,1.0,-12.100561927725991,Stop loss,32053.330296687203,31748.0604843378,0.0,-0.00119807,,30490.407865049387,,2025-09-27T16:59:14.943443
BTCUSDT,long,30361.165662550837,30329.25737081313,2025-09-27T17:59:14.943443,2025-09-27T18:59:14.943443,1.0,-10.602027022889127,Stop loss,31879.22394567838,31575.61228905287,0.0,-0.00105096,,30329.25737081313,,2025-09-27T18:59:14.943443
BTCUSDT,long,30283.244449821414,30292.354643468432,2025-09-27T19:59:14.943443,2025-09-27T20:59:14.943443,1.0,3.031603050580861,Stop loss,31797.406672312485,31494.57422781427,0.00030083,0.0,30292.354643468432,,2025-09-27T20:59:14.943443,
BTCUSDT,long,30313.066907641645,30427.02556419648,2025-09-27T21:59:14.943443,2025-09-27T22:59:14.943443,1.0,37.89615972746909,Stop loss,31828.72025302373,31525.589583947312,0.00375939,0.0,30427.02556419648,,2025-09-27T22:59:14.943443,
BTCUSDT,long,30484.91770968278,30449.76427279036,2025-09-27T23:59:14.943443,2025-09-28T00:59:14.943443,1.0,-11.667831414469873,Stop loss,32009.16359516692,31704.314418070095,0.0,-0.00115314,,30449.76427279036,,2025-09-28T00:59:14.943443
BTCUSDT,long,30395.100368427786,30425.018948719928,2025-09-28T01:59:14.943443,2025-09-28T02:59:14.943443,1.0,9.948181226974194,Stop loss,31914.855386849176,31610.9043831649,0.00098432,0.0,30425.018948719928,,2025-09-28T02:59:14.943443,
BTCUSDT,long,30344.788677321973,30456.14295202365,2025-09-28T03:59:14.943443,2025-09-28T04:59:14.943443,1.0,37.12413475205613,Stop loss,31862.028111188072,31558.58022441485,0.00366963,0.0,30456.14295202365,,2025-09-28T04:59:14.943443,
BTCUSDT,long,30528.070146330327,30499.43752772196,2025-09-28T05:59:14.943443,2025-09-28T06:59:14.943443,1.0,-9.523269324075985,Stop loss,32054.473653646844,31749.19295218354,0.0,-0.00093791,,30499.43752772196,,2025-09-28T06:59:14.943443
BTCUSDT,long,30395.117065668663,30477.530811618042,2025-09-28T07:59:14.943443,2025-09-28T08:59:14.943443,1.0,27.505064170110828,Stop loss,31914.872918952096,31610.92174829541,0.00271141,0.0,30477.530811618042,,2025-09-28T08:59:14.943443,
BTCUSDT,long,30470.54982792367,30546.077165543727,2025-09-28T09:59:14.943443,2025-09-28T10:59:14.943443,1.0,25.212544157024787,Stop loss,31994.077319319855,31689.37182104062,0.0024787,0.0,30546.077165543727,,2025-09-28T10:59:14.943443,
BTCUSDT,long,30448.825288436852,30412.34662649167,2025-09-28T11:59:14.943443,2025-09-28T12:59:14.943443,1.0,-12.2162046083942,Stop loss,31971.266552858695,31666.77829997433,0.0,-0.00119803,,30412.34662649167,,2025-09-28T12:59:14.943443
BTCUSDT,long,30412.66557459101,30415.52331902076,2025-09-28T13:59:14.943443,2025-09-28T14:59:14.943443,1.0,0.9570094594828121,Stop loss,31933.29885332056,31629.17219757465,9.397e-05,0.0,30415.52331902076,,2025-09-28T14:59:14.943443,
BTCUSDT,long,30388.1576835104,30426.03579490603,2025-09-28T15:59:14.943443,2025-09-28T16:59:14.943443,1.0,12.696151101392125,Stop loss,31907.56556768592,31603.683990850815,0.00124648,0.0,30426.03579490603,,2025-09-28T16:59:14.943443,
BTCUSDT,long,30361.13819077154,30352.49381517117,2025-09-28T17:59:14.943443,2025-09-28T18:59:14.943443,1.0,-2.9036530185170513,Stop loss,31879.19510031012,31575.583718402402,0.0,-0.00028472,,30352.49381517117,,2025-09-28T18:59:14.943443
BTCUSDT,long,30359.797238540923,30391.04983071834,2025-09-28T19:59:14.943443,2025-09-28T20:59:14.943443,1.0,10.495246571130439,Stop loss,31877.78710046797,31574.189128082562,0.00102941,0.0,30391.04983071834,,2025-09-28T20:59:14.943443,
BTCUSDT,long,30434.33407156236,30365.955535503163,2025-09-28T21:59:14.943443,2025-09-28T22:59:14.943443,1.0,-22.930224100163617,Stop loss,31956.05077514048,31651.707434424854,0.0,-0.00224676,,30365.955535503163,,2025-09-28T22:59:14.943443
BTCUSDT,long,30272.928636976347,30350.38559829301,2025-09-28T23:59:14.943443,2025-09-29T00:59:14.943443,1.0,26.05442364909253,Stop loss,31786.575068825165,31483.845782455403,0.00255862,0.0,30350.38559829301,,2025-09-29T00:59:14.943443,
BTCUSDT,long,30370.56401992907,30325.13411553154,2025-09-29T01:59:14.943443,2025-09-29T02:59:14.943443,1.0,-15.271236178502585,Stop loss,31889.092220925522,31585.386580726234,0.0,-0.00149585,,30325.13411553154,,2025-09-29T02:59:14.943443
BTCUSDT,long,30419.35797887609,30426.396289217933,2025-09-29T03:59:14.943443,2025-09-29T04:59:14.943443,1.0,2.3585955228351643,Stop loss,31940.325877819898,31636.132298031134,0.00023138,0.0,30426.396289217933,,2025-09-29T04:59:14.943443,
BTCUSDT,long,30498.24451324894,30502.363181639335,2025-09-29T05:59:14.943443,2025-09-29T06:59:14.943443,1.0,1.3769480634713613,Stop loss,32023.156738911388,31718.1742937789,0.00013505,0.0,30502.363181639335,,2025-09-29T06:59:14.943443,
BTCUSDT,long,30628.337968856897,30736.053280456927,2025-09-29T07:59:14.943443,2025-09-29T08:59:14.943443,1.0,35.86313343990655,Stop loss,32159.754867299744,31853.471487611172,0.00351685,0.0,30736.053280456927,,2025-09-29T08:59:14.943443,
BTCUSDT,long,30720.752739394076,30780.505556600383,2025-09-29T09:59:14.943443,2025-09-29T10:59:14.943443,1.0,19.904231931885214,Stop loss,32256.79037636378,31949.58284896984,0.00194503,0.0,30780.505556600383,,2025-09-29T10:59:14.943443,
BTCUSDT,long,30820.261204424405,30904.739936126916,2025-09-29T11:59:14.943443,2025-09-29T12:59:14.943443,1.0,28.104370115543396,Stop loss,32361.274264645628,32053.071652601382,0.00274101,0.0,30904.739936126916,,2025-09-29T12:59:14.943443,
BTCUSDT,long,30845.15603131196,30887.507808824554,2025-09-29T13:59:14.943443,2025-09-29T14:59:14.943443,1.0,14.116799140773495,Stop loss,32387.41383287756,32078.962272564437,0.00137304,0.0,30887.507808824554,,2025-09-29T14:59:14.943443,
BTCUSDT,long,30952.961251114182,30844.27612165514,2025-09-29T15:59:14.943443,2025-09-29T16:59:14.943443,1.0,-36.1505895435755,Stop loss,32500.60931366989,32191.07970115875,0.0,-0.0035113,,30844.27612165514,,2025-09-29T16:59:14.943443
BTCUSDT,long,30771.368919172994,30646.124563793317,2025-09-29T17:59:14.943443,2025-09-29T18:59:14.943443,1.0,-41.75718217364357,Stop loss,32309.937365131645,32002.223675939913,0.0,-0.00407016,,30646.124563793317,,2025-09-29T18:59:14.943443
BTCUSDT,long,30629.616460775032,30673.60410439766,2025-09-29T19:59:14.943443,2025-09-29T20:59:14.943443,1.0,14.673635408310131,Stop loss,32161.097283813786,31854.801119206033,0.00143611,0.0,30673.60410439766,,2025-09-29T20:59:14.943443,
BTCUSDT,long,30765.908119418713,30770.467643660366,2025-09-29T21:59:14.943443,2025-09-29T22:59:14.943443,1.0,1.516427405401036,Stop loss,32304.20352538965,31996.544444195464,0.0001482,0.0,30770.467643660366,,2025-09-29T22:59:14.943443,
BTCUSDT,long,30870.85757540406,30785.76523438023,2025-09-29T23:59:14.943443,2025-09-30T00:59:14.943443,1.0,-28.208368599719115,Stop loss,32414.400454174265,32105.691878420224,0.0,-0.0027564,,30785.76523438023,,2025-09-30T00:59:14.943443
BTCUSDT,long,30681.06381843293,30677.655482772007,2025-09-30T01:59:14.943443,2025-09-30T02:59:14.943443,1.0,-1.1337293654494727,Stop loss,32215.117009354577,31908.30637117025,0.0,-0.00011109,,30677.655482772007,,2025-09-30T02:59:14.943443
BTCUSDT,long,30701.228990433523,30699.221518171995,2025-09-30T03:59:14.943443,2025-09-30T04:59:14.943443,1.0,-0.6672414158619896,Stop loss,32236.2904399552,31929.278150050864,0.0,-6.539e-05,,30699.221518171995,,2025-09-30T04:59:14.943443
BTCUSDT,long,30572.545867219495,30567.097099836894,2025-09-30T05:59:14.943443,2025-09-30T06:59:14.943443,1.0,-1.818559299464219,Stop loss,32101.17316058047,31795.447701908277,0.0,-0.00017822,,30567.097099836894,,2025-09-30T06:59:14.943443
BTCUSDT,long,30487.45334608816,30528.313924366863,2025-09-30T07:59:14.943443,2025-09-30T08:59:14.943443,1.0,13.673092632087489,Stop loss,32011.826013392572,31706.95147993169,0.00134024,0.0,30528.313924366863,,2025-09-30T08:59:14.943443,
BTCUSDT,long,30550.70538471579,30493.331345411567,2025-09-30T09:59:14.943443,2025-09-30T10:59:14.943443,1.0,-19.184887231752924,Stop loss,32078.240653951583,31772.733600104424,0.0,-0.00187799,,30493.331345411567,,2025-09-30T10:59:14.943443
BTCUSDT,long,30462.008415630382,30397.545177636086,2025-09-30T11:59:14.943443,2025-09-30T12:59:14.943443,1.0,-21.57755735562517,Stop loss,31985.108836411902,31680.4887522556,0.0,-0.00211618,,30397.545177636086,,2025-09-30T12:59:14.943443
BTCUSDT,long,30393.734835087795,30451.851011472467,2025-09-30T13:59:14.943443,2025-09-30T14:59:14.943443,1.0,19.455466059793245,Stop loss,31913.421576842185,31609.484228491307,0.00191211,0.0,30451.851011472467,,2025-09-30T14:59:14.943443,
BTCUSDT,long,30391.875784638512,30422.52907090329,2025-09-30T15:59:14.943443,2025-09-30T16:59:14.943443,1.0,10.282005633078882,Stop loss,31911.46957387044,31607.550816024053,0.0010086,0.0,30422.52907090329,,2025-09-30T16:59:14.943443,
BTCUSDT,long,30390.28261723328,30342.129547680393,2025-09-30T17:59:14.943443,2025-09-30T18:59:14.943443,1.0,-16.16908146398003,Stop loss,31909.796748094945,31605.893921922612,0.0,-0.00158449,,30342.129547680393,,2025-09-30T18:59:14.943443
BTCUSDT,long,30335.63518470465,30272.890696028444,2025-09-30T19:59:14.943443,2025-09-30T20:59:14.943443,1.0,-21.073172500334113,Stop loss,31852.416943939883,31549.060592092836,0.0,-0.00206834,,30272.890696028444,,2025-09-30T20:59:14.943443
BTCUSDT,long,30239.388118321054,30167.0286417235,2025-09-30T21:59:14.943443,2025-09-30T22:59:14.943443,1.0,-24.329357957741955,Stop loss,31751.357524237108,31448.963643053896,0.0,-0.00239289,,30167.0286417235,,2025-09-30T22:59:14.943443
BTCUSDT,long,30285.80168399336,30287.937729200392,2025-09-30T23:59:14.943443,2025-10-01T00:59:14.943443,1.0,0.715383851781158,Stop loss,31800.09176819303,31497.233751353095,7.053e-05,0.0,30287.937729200392,,2025-10-01T00:59:14.943443,
BTCUSDT,long,30245.580889047516,30258.527552573312,2025-10-01T01:59:14.943443,2025-10-01T02:59:14.943443,1.0,4.342045077980385,Stop loss,31757.859933499894,31455.404124609417,0.00042805,0.0,30258.527552573312,,2025-10-01T02:59:14.943443,
BTCUSDT,long,30251.730553322577,30238.364081552932,2025-10-01T03:59:14.943443,2025-10-01T04:59:14.943443,1.0,-4.483847352432666,Stop loss,31764.31708098871,31461.79977545548,0.0,-0.00044184,,30238.364081552932,,2025-10-01T04:59:14.943443
BTCUSDT,long,30275.52969532769,30321.432352504442,2025-10-01T05:59:14.943443,2025-10-01T06:59:14.943443,1.0,15.379364906300658,Stop loss,31789.306180094074,31486.550883140797,0.00151616,0.0,30321.432352504442,,2025-10-01T06:59:14.943443,
BTCUSDT,long,30289.278303960087,30254.416144193863,2025-10-01T07:59:14.943443,2025-10-01T08:59:14.943443,1.0,-11.692722733402338,Stop loss,31803.74221915809,31500.849436118493,0.0,-0.00115097,,30254.416144193863,,2025-10-01T08:59:14.943443
BTCUSDT,long,30237.77766404207,30098.88766243608,2025-10-01T09:59:14.943443,2025-10-01T10:59:14.943443,1.0,-46.60915746616673,Stop loss,31749.666547244175,31447.288770603755,0.0,-0.00459326,,30098.88766243608,,2025-10-01T10:59:14.943443
BTCUSDT,long,30007.814594094045,30089.960645440573,2025-10-01T11:59:14.943443,2025-10-01T12:59:14.943443,1.0,27.65050325071962,Stop loss,31508.20532379875,31208.12717785781,0.00273749,0.0,30089.960645440573,,2025-10-01T12:59:14.943443,
BTCUSDT,long,30189.11769367107,30174.08508102789,2025-10-01T13:59:14.943443,2025-10-01T14:59:14.943443,1.0,-5.043383737982227,Stop loss,31698.573578354622,31396.68240141791,0.0,-0.00049795,,30174.08508102789,,2025-10-01T14:59:14.943443
BTCUSDT,long,30208.899307269425,30227.71021071454,2025-10-01T15:59:14.943443,2025-10-01T16:59:14.943443,1.0,6.303712682221265,Stop loss,31719.344272632898,31417.255279560202,0.00062269,0.0,30227.71021071454,,2025-10-01T16:59:14.943443,
BTCUSDT,long,30414.419510125554,30482.598254910306,2025-10-01T17:59:14.943443,2025-10-01T18:59:14.943443,1.0,22.707089689849955,Stop loss,31935.140485631833,31630.996290530577,0.00224166,0.0,30482.598254910306,,2025-10-01T18:59:14.943443,
BTCUSDT,long,30474.800731291587,30416.61653731447,2025-10-01T19:59:14.943443,2025-10-01T20:59:14.943443,1.0,-19.383339579188874,Stop loss,31998.540767856168,31693.792760543252,0.0,-0.00190926,,30416.61653731447,,2025-10-01T20:59:14.943443
BTCUSDT,long,30319.04803638233,30331.388194484512,2025-10-01T21:59:14.943443,2025-10-01T22:59:14.943443,1.0,4.124199329583773,Stop loss,31835.00043820145,31531.809957837624,0.00040701,0.0,30331.388194484512,,2025-10-01T22:59:14.943443,
BTCUSDT,long,30285.54054399895,30199.515506659645,2025-10-01T23:59:14.943443,2025-10-02T00:59:14.943443,1.0,-28.793917176580848,Stop loss,31799.817571198902,31496.962165758912,0.0,-0.00284047,,30199.515506659645,,2025-10-02T00:59:14.943443
BTCUSDT,long,30160.48837029855,30095.318847706334,2025-10-02T01:59:14.943443,2025-10-02T02:59:14.943443,1.0,-21.841478172171065,Stop loss,31668.512788813478,31366.907905110493,0.0,-0.00216076,,30095.318847706334,,2025-10-02T02:59:14.943443
BTCUSDT,long,30197.040500925094,30250.33329505886,2025-10-02T03:59:14.943443,2025-10-02T04:59:14.943443,1.0,17.800842007910518,Stop loss,31706.89252597135,31404.9221209621,0.00176484,0.0,30250.33329505886,,2025-10-02T04:59:14.943443,
BTCUSDT,long,30249.8509487903,30339.51976739551,2025-10-02T05:59:14.943443,2025-10-02T06:59:14.943443,1.0,29.95162762103572,Stop loss,31762.343496229816,31459.84498674191,0.00296427,0.0,30339.51976739551,,2025-10-02T06:59:14.943443,
BTCUSDT,long,30344.21476522867,30291.989773144946,2025-10-02T07:59:14.943443,2025-10-02T08:59:14.943443,1.0,-17.441754177248065,Stop loss,31861.425503490103,31557.983355837816,0.0,-0.00172109,,30291.989773144946,,2025-10-02T08:59:14.943443
BTCUSDT,long,30384.407383108864,30417.173962796016,2025-10-02T09:59:14.943443,2025-10-02T10:59:14.943443,1.0,10.909878649703241,Stop loss,31903.62775226431,31599.78367843322,0.0010784,0.0,30417.173962796016,,2025-10-02T10:59:14.943443,
BTCUSDT,long,30354.139174556873,30342.58624021694,2025-10-02T11:59:14.943443,2025-10-02T12:59:14.943443,1.0,-3.854624303699287,Stop loss,31871.84613328472,31568.30474153915,0.0,-0.0003806,,30342.58624021694,,2025-10-02T12:59:14.943443
BTCUSDT,long,30289.49569610108,30205.842811606562,2025-10-02T13:59:14.943443,2025-10-02T14:59:14.943443,1.0,-27.959617346274978,Stop loss,31803.970480906133,31501.075523945125,0.0,-0.00276178,,30205.842811606562,,2025-10-02T14:59:14.943443
BTCUSDT,long,30261.84661188827,30377.632501663655,2025-10-02T15:59:14.943443,2025-10-02T16:59:14.943443,1.0,38.627933264017,Stop loss,31774.938942482688,31472.320476363802,0.00382613,0.0,30377.632501663655,,2025-10-02T16:59:14.943443,
BTCUSDT,long,30292.780884135074,30326.907900453214,2025-10-02T17:59:14.943443,2025-10-02T18:59:14.943443,1.0,11.417182298324242,Stop loss,31807.41992834183,31504.49211950048,0.00112657,0.0,30326.907900453214,,2025-10-02T18:59:14.943443,
BTCUSDT,long,30287.469611708195,30257.97639042203,2025-10-02T19:59:14.943443,2025-10-02T20:59:14.943443,1.0,-9.879795735492477,Stop loss,31801.843092293606,31498.968396176522,0.0,-0.00097378,,30257.97639042203,,2025-10-02T20:59:14.943443
BTCUSDT,long,30222.148336187827,30169.97011626683,2025-10-02T21:59:14.943443,2025-10-02T22:59:14.943443,1.0,-17.49965803259494,Stop loss,31733.25575299722,31431.03426963534,0.0,-0.00172649,,30169.97011626683,,2025-10-02T22:59:14.943443
BTCUSDT,long,30172.89805046284,30122.795348545456,2025-10-02T23:59:14.943443,2025-10-03T00:59:14.943443,1.0,-16.801935173691334,Stop loss,31681.542952985987,31379.813972481355,0.0,-0.00166052,,30122.795348545456,,2025-10-03T00:59:14.943443
BTCUSDT,long,30139.09358734517,30136.06547730956,2025-10-03T01:59:14.943443,2025-10-03T02:59:14.943443,1.0,-1.0149272065076018,Stop loss,31646.04826671243,31344.657330838978,0.0,-0.00010047,,30136.06547730956,,2025-10-03T02:59:14.943443
BTCUSDT,long,30121.667010097128,30067.041939986542,2025-10-03T03:59:14.943443,2025-10-03T04:59:14.943443,1.0,-18.317356462002458,Stop loss,31627.750360601985,31326.533690501015,0.0,-0.00181348,,30067.041939986542,,2025-10-03T04:59:14.943443
BTCUSDT,long,30032.378321239885,30077.785002561046,2025-10-03T05:59:14.943443,2025-10-03T06:59:14.943443,1.0,15.243739841071147,Stop loss,31533.99723730188,31233.67345408948,0.00151192,0.0,30077.785002561046,,2025-10-03T06:59:14.943443,
BTCUSDT,long,30107.933060666866,30049.126230577273,2025-10-03T07:59:14.943443,2025-10-03T08:59:14.943443,1.0,-19.722612664084018,Stop loss,31613.329713700212,31312.250383093542,0.0,-0.0019532,,30049.126230577273,,2025-10-03T08:59:14.943443
BTCUSDT,long,30055.096521569638,30100.296500781624,2025-10-03T09:59:14.943443,2025-10-03T10:59:14.943443,1.0,15.156140821861865,Stop loss,31557.85134764812,31257.300382432426,0.0015039,0.0,30100.296500781624,,2025-10-03T10:59:14.943443,
BTCUSDT,long,29999.964900207204,30032.58419442214,2025-10-03T11:59:14.943443,2025-10-03T12:59:14.943443,1.0,10.974253392466302,Stop loss,31499.963145217564,31199.963496215492,0.00108731,0.0,30032.58419442214,,2025-10-03T12:59:14.943443,
BTCUSDT,long,29992.809947944552,30027.057200511823,2025-10-03T13:59:14.943443,2025-10-03T14:59:14.943443,1.0,11.537234183762349,Stop loss,31492.45044534178,31192.522345862333,0.00114185,0.0,30027.057200511823,,2025-10-03T14:59:14.943443,
BTCUSDT,long,29981.255315409566,29873.225152275176,2025-10-03T15:59:14.943443,2025-10-03T16:59:14.943443,1.0,-36.44886102928795,Stop loss,31480.318081180045,31180.50552802595,0.0,-0.00360326,,29873.225152275176,,2025-10-03T16:59:14.943443
BTCUSDT,long,29776.143359349368,29779.00706557875,2025-10-03T17:59:14.943443,2025-10-03T18:59:14.943443,1.0,0.9693509930443095,Stop loss,31264.950527316836,30967.189093723344,9.617e-05,0.0,29779.00706557875,,2025-10-03T18:59:14.943443,
BTCUSDT,long,29794.479640234353,29740.641055487806,2025-10-03T19:59:14.943443,2025-10-03T20:59:14.943443,1.0,-18.214641936564217,Stop loss,31284.20362224607,30986.258825843728,0.0,-0.001807,,29740.641055487806,,2025-10-03T20:59:14.943443
BTCUSDT,long,29778.649620498632,29679.858207778827,2025-10-03T21:59:14.943443,2025-10-03T22:59:14.943443,1.0,-33.3803990929584,Stop loss,31267.582101523567,30969.795605318577,0.0,-0.00331752,,29679.858207778827,,2025-10-03T22:59:14.943443
BTCUSDT,long,29675.93598885547,29604.14688326841,2025-10-03T23:59:14.943443,2025-10-04T00:59:14.943443,1.0,-24.259858731514193,Stop loss,31159.732788298246,30862.973428409692,0.0,-0.0024191,,29604.14688326841,,2025-10-04T00:59:14.943443
BTCUSDT,long,29565.57792561179,29568.38079668281,2025-10-04T01:59:14.943443,2025-10-04T02:59:14.943443,1.0,0.9484163315641664,Stop loss,31043.85682189238,30748.20104263626,9.48e-05,0.0,29568.38079668281,,2025-10-04T02:59:14.943443,
BTCUSDT,long,29517.54249113122,29494.848949942956,2025-10-04T03:59:14.943443,2025-10-04T04:59:14.943443,1.0,-7.6921105709430035,Stop loss,30993.41961568778,30698.24419077647,0.0,-0.00076882,,29494.848949942956,,2025-10-04T04:59:14.943443
BTCUSDT,long,29554.269633306772,29520.19006159292,2025-10-04T05:59:14.943443,2025-10-04T06:59:14.943443,1.0,-11.528248293380168,Stop loss,31031.983114972114,30736.440418639046,0.0,-0.00115312,,29520.19006159292,,2025-10-04T06:59:14.943443
BTCUSDT,long,29569.570897234476,29502.836422154316,2025-10-04T07:59:14.943443,2025-10-04T08:59:14.943443,1.0,-22.53686842603937,Stop loss,31048.049442096202,30752.353733123855,0.0,-0.00225686,,29502.836422154316,,2025-10-04T08:59:14.943443
BTCUSDT,long,29534.11444244726,29619.388216612857,2025-10-04T09:59:14.943443,2025-10-04T10:59:14.943443,1.0,28.767268272532814,Stop loss,31010.820164569624,30715.47902014515,0.0028873,0.0,29619.388216612857,,2025-10-04T10:59:14.943443,
BTCUSDT,long,29473.33231632972,29426.3954126896,2025-10-04T11:59:14.943443,2025-10-04T12:59:14.943443,1.0,-15.91271988886895,Stop loss,30946.99893214621,30652.26560898291,0.0,-0.00159252,,29426.3954126896,,2025-10-04T12:59:14.943443
BTCUSDT,long,29460.377324123496,29448.41616557243,2025-10-04T13:59:14.943443,2025-10-04T14:59:14.943443,1.0,-4.050438013563313,Stop loss,30933.396190329673,30638.792417088436,0.0,-0.00040601,,29448.41616557243,,2025-10-04T14:59:14.943443
BTCUSDT,long,29470.283596849582,29434.705860120153,2025-10-04T15:59:14.943443,2025-10-04T16:59:14.943443,1.0,-12.03884122928066,Stop loss,30943.797776692063,30649.094940723568,0.0,-0.00120724,,29434.705860120153,,2025-10-04T16:59:14.943443
BTCUSDT,long,29439.803791385704,29430.639003679098,2025-10-04T17:59:14.943443,2025-10-04T18:59:14.943443,1.0,-3.1006558707703653,Stop loss,30911.79398095499,30617.395943041134,0.0,-0.00031131,,29430.639003679098,,2025-10-04T18:59:14.943443
BTCUSDT,long,29499.4564807953,29514.47085363028,2025-10-04T19:59:14.943443,2025-10-04T20:59:14.943443,1.0,5.06785327108408,Stop loss,30974.429304835066,30679.43474002711,0.00050897,0.0,29514.47085363028,,2025-10-04T20:59:14.943443,
BTCUSDT,long,29534.40591086115,29510.086845693524,2025-10-04T21:59:14.943443,2025-10-04T22:59:14.943443,1.0,-8.202957753483753,Stop loss,31011.12620640421,30715.7821472956,0.0,-0.00082341,,29510.086845693524,,2025-10-04T22:59:14.943443
BTCUSDT,long,29481.322269721728,29455.82852416909,2025-10-04T23:59:14.943443,2025-10-05T00:59:14.943443,1.0,-8.607574190096898,Stop loss,30955.388383207817,30660.575160510598,0.0,-0.00086474,,29455.82852416909,,2025-10-05T00:59:14.943443
BTCUSDT,long,29479.07552212532,29454.265501617116,2025-10-05T01:59:14.943443,2025-10-05T02:59:14.943443,1.0,-8.370119033337684,Stop loss,30953.029298231588,30658.238543010335,0.0,-0.00084161,,29454.265501617116,,2025-10-05T02:59:14.943443
BTCUSDT,long,29471.34066023227,29593.924582888656,2025-10-05T03:59:14.943443,2025-10-05T04:59:14.943443,1.0,41.3319913937985,Stop loss,30944.907693243884,30650.19428664156,0.00415943,0.0,29593.924582888656,,2025-10-05T04:59:14.943443,
BTCUSDT,long,29645.529521723383,29626.205541984855,2025-10-05T05:59:14.943443,2025-10-05T06:59:14.943443,1.0,-6.504182819114108,Stop loss,31127.805997809555,30831.35070259232,0.0,-0.00065183,,29626.205541984855,,2025-10-05T06:59:14.943443
BTCUSDT,long,29697.46592779401,29673.238206902537,2025-10-05T07:59:14.943443,2025-10-05T08:59:14.943443,1.0,-8.135146291783514,Stop loss,31182.339224183714,30885.364564905773,0.0,-0.00081582,,29673.238206902537,,2025-10-05T08:59:14.943443
BTCUSDT,long,29552.528885017946,29493.005909833628,2025-10-05T09:59:14.943443,2025-10-05T10:59:14.943443,1.0,-20.068168021384157,Stop loss,31030.155329268844,30734.630040418666,0.0,-0.00201414,,29493.005909833628,,2025-10-05T10:59:14.943443
BTCUSDT,long,29382.8615411596,29362.2118565898,2025-10-05T11:59:14.943443,2025-10-05T12:59:14.943443,1.0,-6.988137940347397,Stop loss,30852.004618217583,30558.176002805983,0.0,-0.00070278,,29362.2118565898,,2025-10-05T12:59:14.943443
BTCUSDT,long,29363.29348521516,29461.910159121253,2025-10-05T13:59:14.943443,2025-10-05T14:59:14.943443,1.0,33.37201266555388,Stop loss,30831.45815947592,30537.825224623768,0.0033585,0.0,29461.910159121253,,2025-10-05T14:59:14.943443,
BTCUSDT,long,29481.18026818966,29468.2644138935,2025-10-05T15:59:14.943443,2025-10-05T16:59:14.943443,1.0,-4.367885251808018,Stop loss,30955.239281599144,30660.427478917245,0.0,-0.00043811,,29468.2644138935,,2025-10-05T16:59:14.943443
BTCUSDT,long,29517.187265506793,29386.942476648237,2025-10-05T17:59:14.943443,2025-10-05T18:59:14.943443,1.0,-43.97319553335803,Stop loss,30993.046628782133,30697.874756127065,0.0,-0.00441251,,29386.942476648237,,2025-10-05T18:59:14.943443
BTCUSDT,long,29400.793722878774,29446.156779802273,2025-10-05T19:59:14.943443,2025-10-05T20:59:14.943443,1.0,15.308242446262504,Stop loss,30870.833409022714,30576.825471793927,0.00154292,0.0,29446.156779802273,,2025-10-05T20:59:14.943443,
BTCUSDT,long,29359.208039565226,29426.444337835528,2025-10-05T21:59:14.943443,2025-10-05T22:59:14.943443,1.0,22.756795013173804,Stop loss,30827.16844154349,30533.576361147836,0.00229013,0.0,29426.444337835528,,2025-10-05T22:59:14.943443,
BTCUSDT,long,29446.37257409817,29421.925282891676,2025-10-05T23:59:14.943443,2025-10-06T00:59:14.943443,1.0,-8.26882943953644,Stop loss,30918.691202803082,30624.2274770621,0.0,-0.00083023,,29421.925282891676,,2025-10-06T00:59:14.943443
BTCUSDT,long,29459.18417624065,29593.273940664916,2025-10-06T01:59:14.943443,2025-10-06T02:59:14.943443,1.0,45.29594123720072,Stop loss,30932.143385052685,30637.55154329028,0.00455171,0.0,29593.273940664916,,2025-10-06T02:59:14.943443,
BTCUSDT,long,29604.039934330187,29618.740247247282,2025-10-06T03:59:14.943443,2025-10-06T04:59:14.943443,1.0,4.964005719538426,Stop loss,31084.241931046698,30788.201531703395,0.00049656,0.0,29618.740247247282,,2025-10-06T04:59:14.943443,
BTCUSDT,long,29591.541360938816,29541.287671233633,2025-10-06T05:59:14.943443,2025-10-06T06:59:14.943443,1.0,-16.985277375956798,Stop loss,31071.11842898576,30775.20301537637,0.0,-0.00169825,,29541.287671233633,,2025-10-06T06:59:14.943443
BTCUSDT,long,29590.386807161358,29539.76645169914,2025-10-06T07:59:14.943443,2025-10-06T08:59:14.943443,1.0,-17.08081777884425,Stop loss,31069.90614751943,30774.002279447814,0.0,-0.0017107,,29539.76645169914,,2025-10-06T08:59:14.943443
BTCUSDT,long,29543.99485416935,29515.78451289582,2025-10-06T09:59:14.943443,2025-10-06T10:59:14.943443,1.0,-9.517648189350464,Stop loss,31021.194596877816,30725.754648336122,0.0,-0.00095486,,29515.78451289582,,2025-10-06T10:59:14.943443
BTCUSDT,long,29544.072990988312,29563.79504594465,2025-10-06T11:59:14.943443,2025-10-06T12:59:14.943443,1.0,6.647486063339146,Stop loss,31021.27664053773,30725.835910627844,0.00066755,0.0,29563.79504594465,,2025-10-06T12:59:14.943443,
BTCUSDT,long,29625.205976730333,29595.002701779486,2025-10-06T13:59:14.943443,2025-10-06T14:59:14.943443,1.0,-10.159167276773566,Stop loss,31106.46627556685,30810.214215799548,0.0,-0.00101951,,29595.002701779486,,2025-10-06T14:59:14.943443
BTCUSDT,long,29579.033113080604,29521.187979551883,2025-10-06T15:59:14.943443,2025-10-06T16:59:14.943443,1.0,-19.46728170298695,Stop loss,31057.984768734637,30762.19443760383,0.0,-0.00195561,,29521.187979551883,,2025-10-06T16:59:14.943443
BTCUSDT,long,29494.967501161475,29517.232832386453,2025-10-06T17:59:14.943443,2025-10-06T18:59:14.943443,1.0,7.499866863129598,Stop loss,30969.71587621955,30674.766201207935,0.00075489,0.0,29517.232832386453,,2025-10-06T18:59:14.943443,
BTCUSDT,long,29561.95509658691,29507.48332419735,2025-10-06T19:59:14.943443,2025-10-06T20:59:14.943443,1.0,-18.320544970575703,Stop loss,31040.052851416258,30744.433300450386,0.0,-0.00184263,,29507.48332419735,,2025-10-06T20:59:14.943443
BTCUSDT,long,29558.8477424243,29639.0986705848,2025-10-06T21:59:14.943443,2025-10-06T22:59:14.943443,1.0,26.943971825346022,Stop loss,31036.790129545516,30741.20165212127,0.00271495,0.0,29639.0986705848,,2025-10-06T22:59:14.943443,
BTCUSDT,long,29663.616481487665,29775.17081761591,2025-10-06T23:59:14.943443,2025-10-07T00:59:14.943443,1.0,37.42302611537609,Stop loss,31146.79730556205,30850.161140747172,0.00376065,0.0,29775.17081761591,,2025-10-07T00:59:14.943443,
BTCUSDT,long,29729.127043820055,29655.214082501927,2025-10-07T01:59:14.943443,2025-10-07T02:59:14.943443,1.0,-24.833912924997914,Stop loss,31215.58339601106,30918.292125572858,0.0,-0.00248621,,29655.214082501927,,2025-10-07T02:59:14.943443
BTCUSDT,long,29549.90484967917,29638.453189969332,2025-10-07T03:59:14.943443,2025-10-07T04:59:14.943443,1.0,29.857260244248856,Stop loss,31027.40009216313,30731.901043666338,0.00299657,0.0,29638.453189969332,,2025-10-07T04:59:14.943443,
BTCUSDT,long,29677.267354835745,29673.968335935144,2025-10-07T05:59:14.943443,2025-10-07T06:59:14.943443,1.0,-1.1109281129811917,Stop loss,31161.130722577534,30864.358049029175,0.0,-0.00011116,,29673.968335935144,,2025-10-07T06:59:14.943443
BTCUSDT,long,29690.588548944044,29623.830847754092,2025-10-07T07:59:14.943443,2025-10-07T08:59:14.943443,1.0,-22.46773790534989,Stop loss,31175.117976391248,30878.21209090181,0.0,-0.00224845,,29623.830847754092,,2025-10-07T08:59:14.943443
BTCUSDT,long,29769.090914094297,29776.785502583778,2025-10-07T09:59:14.943443,2025-10-07T10:59:14.943443,1.0,2.577027310376461,Stop loss,31257.545459799014,30959.85455065807,0.00025848,0.0,29776.785502583778,,2025-10-07T10:59:14.943443,
BTCUSDT,long,29783.30106599461,29826.56390885241,2025-10-07T11:59:14.943443,2025-10-07T12:59:14.943443,1.0,14.486172670801876,Stop loss,31272.46611929434,30974.633108634393,0.00145259,0.0,29826.56390885241,,2025-10-07T12:59:14.943443,
BTCUSDT,long,29855.271420398753,29868.642650403217,2025-10-07T13:59:14.943443,2025-10-07T14:59:14.943443,1.0,4.47293063712189,Stop loss,31348.03499141869,31049.482277214705,0.00044787,0.0,29868.642650403217,,2025-10-07T14:59:14.943443,
BTCUSDT,long,29821.45915950709,29849.59216996148,2025-10-07T15:59:14.943443,2025-10-07T16:59:14.943443,1.0,9.42591695380554,Stop loss,31312.532117482446,31014.317525887374,0.00094338,0.0,29849.59216996148,,2025-10-07T16:59:14.943443,
BTCUSDT,long,29962.159218346613,30042.89116729355,2025-10-07T17:59:14.943443,2025-10-07T18:59:14.943443,1.0,26.947478414950858,Stop loss,31460.267179263945,31160.64558708048,0.00269446,0.0,30042.89116729355,,2025-10-07T18:59:14.943443,
BTCUSDT,long,30138.771706630498,30107.972629155123,2025-10-07T19:59:14.943443,2025-10-07T20:59:14.943443,1.0,-10.247704171092455,Stop loss,31645.710291962023,31344.32257489572,0.0,-0.00102191,,30107.972629155123,,2025-10-07T20:59:14.943443
BTCUSDT,long,30048.441571126325,30040.883120082417,2025-10-07T21:59:14.943443,2025-10-07T22:59:14.943443,1.0,-2.519887985213005,Stop loss,31550.863649682644,31250.37923397138,0.0,-0.00025154,,30040.883120082417,,2025-10-07T22:59:14.943443
BTCUSDT,long,30044.23135781308,30110.051637798697,2025-10-07T23:59:14.943443,2025-10-08T00:59:14.943443,1.0,21.94116860023939,Stop loss,31546.442925703737,31246.000612125605,0.00219078,0.0,30110.051637798697,,2025-10-08T00:59:14.943443,
BTCUSDT,long,30008.30354520513,30100.24251934267,2025-10-08T01:59:14.943443,2025-10-08T02:59:14.943443,1.0,30.751743172765586,Stop loss,31508.718722465386,31208.635687013335,0.00306378,0.0,30100.24251934267,,2025-10-08T02:59:14.943443,
BTCUSDT,long,30090.731870045125,30065.05250600698,2025-10-08T03:59:14.943443,2025-10-08T04:59:14.943443,1.0,-8.591947077798892,Stop loss,31595.26846354738,31294.36114484693,0.0,-0.0008534,,30065.05250600698,,2025-10-08T04:59:14.943443
BTCUSDT,long,30004.25611669013,29905.114785047273,2025-10-08T05:59:14.943443,2025-10-08T06:59:14.943443,1.0,-33.238481891967155,Stop loss,31504.468922524637,31204.426361357735,0.0,-0.00330424,,29905.114785047273,,2025-10-08T06:59:14.943443
BTCUSDT,long,29954.389356897824,29958.782068826702,2025-10-08T07:59:14.943443,2025-10-08T08:59:14.943443,1.0,1.4702939106466404,Stop loss,31452.108824742718,31152.564931173736,0.00014665,0.0,29958.782068826702,,2025-10-08T08:59:14.943443,
BTCUSDT,long,29881.590370969054,29804.292494293786,2025-10-08T09:59:14.943443,2025-10-08T10:59:14.943443,1.0,-25.93937126644962,Stop loss,31375.669889517507,31076.85398580782,0.0,-0.00258681,,29804.292494293786,,2025-10-08T10:59:14.943443
BTCUSDT,long,29784.28356295329,29883.870904662792,2025-10-08T11:59:14.943443,2025-10-08T12:59:14.943443,1.0,33.44164864722038,Stop loss,31273.497741100957,30975.654905471423,0.00334362,0.0,29883.870904662792,,2025-10-08T12:59:14.943443,
BTCUSDT,long,29868.359742710472,29778.701750078955,2025-10-08T13:59:14.943443,2025-10-08T14:59:14.943443,1.0,-30.122986635907385,Stop loss,31361.777729846,31063.094132418893,0.0,-0.00300177,,29778.701750078955,,2025-10-08T14:59:14.943443
BTCUSDT,long,29764.069527315623,29747.8392275199,2025-10-08T15:59:14.943443,2025-10-08T16:59:14.943443,1.0,-5.455681513967073,Stop loss,31252.273003681406,30954.63230840825,0.0,-0.0005453,,29747.8392275199,,2025-10-08T16:59:14.943443
BTCUSDT,long,29587.818073848648,29584.605315022367,2025-10-08T17:59:14.943443,2025-10-08T18:59:14.943443,1.0,-1.0857831034595689,Stop loss,31067.208977541082,30771.330796802595,0.0,-0.00010858,,29584.605315022367,,2025-10-08T18:59:14.943443
BTCUSDT,long,29570.944256215753,29612.14789500359,2025-10-08T19:59:14.943443,2025-10-08T20:59:14.943443,1.0,13.931603704753652,Stop loss,31049.491469026543,30753.782026464385,0.00139338,0.0,29612.14789500359,,2025-10-08T20:59:14.943443,
BTCUSDT,long,29721.853733938075,29788.896435598843,2025-10-08T21:59:14.943443,2025-10-08T22:59:14.943443,1.0,22.584530415014296,Stop loss,31207.94642063498,30910.7278832956,0.00225567,0.0,29788.896435598843,,2025-10-08T22:59:14.943443,
BTCUSDT,long,29772.880947657122,29707.064873417276,2025-10-08T23:59:14.943443,2025-10-09T00:59:14.943443,1.0,-22.18324551991894,Stop loss,31261.52499503998,30963.79618556341,0.0,-0.0022106,,29707.064873417276,,2025-10-09T00:59:14.943443
BTCUSDT,long,29860.35293361836,29863.889709736268,2025-10-09T01:59:14.943443,2025-10-09T02:59:14.943443,1.0,1.1859475688635226,Stop loss,31353.37058029928,31054.767050963095,0.00011844,0.0,29863.889709736268,,2025-10-09T02:59:14.943443,
BTCUSDT,long,29864.721686999914,29863.280743738644,2025-10-09T03:59:14.943443,2025-10-09T04:59:14.943443,1.0,-0.483161923232775,Stop loss,31357.95777134991,31059.31055447991,0.0,-4.825e-05,,29863.280743738644,,2025-10-09T04:59:14.943443
BTCUSDT,long,29875.11400921717,29866.489686758534,2025-10-09T05:59:14.943443,2025-10-09T06:59:14.943443,1.0,-2.890671581808725,Stop loss,31368.86970967803,31070.11856958586,0.0,-0.00028868,,29866.489686758534,,2025-10-09T06:59:14.943443
BTCUSDT,long,29832.242795831113,29799.63257485247,2025-10-09T07:59:14.943443,2025-10-09T08:59:14.943443,1.0,-10.942732554471098,Stop loss,31323.85493562267,31025.532507664357,0.0,-0.00109312,,29799.63257485247,,2025-10-09T08:59:14.943443
BTCUSDT,long,29797.68056795165,29765.312565226417,2025-10-09T09:59:14.943443,2025-10-09T10:59:14.943443,1.0,-10.862164969263949,Stop loss,31287.564596349235,30989.587790669717,0.0,-0.00108626,,29765.312565226417,,2025-10-09T10:59:14.943443
BTCUSDT,long,29722.9066462254,29729.23415108334,2025-10-09T11:59:14.943443,2025-10-09T12:59:14.943443,1.0,2.1264351845452376,Stop loss,31209.051978536674,30911.822912074418,0.00021288,0.0,29729.23415108334,,2025-10-09T12:59:14.943443,
BTCUSDT,long,29714.077461222616,29803.591550619745,2025-10-09T13:59:14.943443,2025-10-09T14:59:14.943443,1.0,30.097646066994507,Stop loss,31199.781334283747,30902.640559671523,0.00301251,0.0,29803.591550619745,,2025-10-09T14:59:14.943443,
BTCUSDT,long,29645.99286639089,29710.78116622619,2025-10-09T15:59:14.943443,2025-10-09T16:59:14.943443,1.0,21.899808602994085,Stop loss,31128.292509710438,30831.83258104653,0.0021854,0.0,29710.78116622619,,2025-10-09T16:59:14.943443,
BTCUSDT,long,29784.91783740054,29661.662055922963,2025-10-09T17:59:14.943443,2025-10-09T18:59:14.943443,1.0,-41.55934551758048,Stop loss,31274.163729270567,30976.31455089656,0.0,-0.00413819,,29661.662055922963,,2025-10-09T18:59:14.943443
BTCUSDT,long,29641.33965374085,29619.327821106817,2025-10-09T19:59:14.943443,2025-10-09T20:59:14.943443,1.0,-7.4270313429314,Stop loss,31123.406636427895,30826.993239890486,0.0,-0.00074261,,29619.327821106817,,2025-10-09T20:59:14.943443
BTCUSDT,long,29536.065967526723,29490.15439758014,2025-10-09T21:59:14.943443,2025-10-09T22:59:14.943443,1.0,-15.534731362398883,Stop loss,31012.86926590306,30717.508606227795,0.0,-0.00155442,,29490.15439758014,,2025-10-09T22:59:14.943443
BTCUSDT,long,29424.724982501837,29528.02603995004,2025-10-09T23:59:14.943443,2025-10-10T00:59:14.943443,1.0,35.03087658962863,Stop loss,30895.96123162693,30601.713981801913,0.00351069,0.0,29528.02603995004,,2025-10-10T00:59:14.943443,
BTCUSDT,long,29583.335247355146,29658.664673593423,2025-10-10T01:59:14.943443,2025-10-10T02:59:14.943443,1.0,25.497533869799344,Stop loss,31062.502009722906,30766.668657249353,0.00254635,0.0,29658.664673593423,,2025-10-10T02:59:14.943443,
BTCUSDT,long,29701.503241057417,29634.509838859354,2025-10-10T03:59:14.943443,2025-10-10T04:59:14.943443,1.0,-22.64324757315779,Stop loss,31186.57840311029,30889.563370699714,0.0,-0.00225556,,29634.509838859354,,2025-10-10T04:59:14.943443
BTCUSDT,long,29603.438337357577,29632.426860583648,2025-10-10T05:59:14.943443,2025-10-10T06:59:14.943443,1.0,9.808178599183243,Stop loss,31083.610254225456,30787.57587085188,0.00097923,0.0,29632.426860583648,,2025-10-10T06:59:14.943443,
BTCUSDT,long,29560.086080456178,29602.268739419964,2025-10-10T07:59:14.943443,2025-10-10T08:59:14.943443,1.0,14.307302266212224,Stop loss,31038.09038447899,30742.489523674427,0.00142701,0.0,29602.268739419964,,2025-10-10T08:59:14.943443,
BTCUSDT,long,29588.04380426466,29565.871686928855,2025-10-10T09:59:14.943443,2025-10-10T10:59:14.943443,1.0,-7.52384279765765,Stop loss,31067.445994477894,30771.56555643525,0.0,-0.00074936,,29565.871686928855,,2025-10-10T10:59:14.943443
BTCUSDT,long,29607.94189246141,29634.26102797904,2025-10-10T11:59:14.943443,2025-10-10T12:59:14.943443,1.0,8.918393549798397,Stop loss,31088.338987084484,30792.25956815987,0.00088892,0.0,29634.26102797904,,2025-10-10T12:59:14.943443,
BTCUSDT,long,29612.874817446,29681.61665779119,2025-10-10T13:59:14.943443,2025-10-10T14:59:14.943443,1.0,23.31039853715091,Stop loss,31093.518558318305,30797.389810143843,0.00232135,0.0,29681.61665779119,,2025-10-10T14:59:14.943443,
BTCUSDT,long,29617.510570959053,29654.018011274173,2025-10-10T15:59:14.943443,2025-10-10T16:59:14.943443,1.0,12.406489931505734,Stop loss,31098.386099507006,30802.210993797416,0.00123263,0.0,29654.018011274173,,2025-10-10T16:59:14.943443,
BTCUSDT,long,29689.214553032958,29670.839860138756,2025-10-10T17:59:14.943443,2025-10-10T18:59:14.943443,1.0,-6.236953003517562,Stop loss,31173.67528068461,30876.783135154277,0.0,-0.0006189,,29670.839860138756,,2025-10-10T18:59:14.943443
BTCUSDT,long,29690.19945460753,29616.000701142908,2025-10-10T19:59:14.943443,2025-10-10T20:59:14.943443,1.0,-25.16898581690886,Stop loss,31174.709427337908,30877.807432791833,0.0,-0.0024991,,29616.000701142908,,2025-10-10T20:59:14.943443
BTCUSDT,long,29670.783275827922,29659.812921959536,2025-10-10T21:59:14.943443,2025-10-10T22:59:14.943443,1.0,-3.71438694196223,Stop loss,31154.322439619318,30857.61460686104,0.0,-0.00036974,,29659.812921959536,,2025-10-10T22:59:14.943443
BTCUSDT,long,29628.82139077184,29691.048458694062,2025-10-10T23:59:14.943443,2025-10-11T00:59:14.943443,1.0,21.091131357765374,Stop loss,31110.26246031043,30813.97424640271,0.00210022,0.0,29691.048458694062,,2025-10-11T00:59:14.943443,
BTCUSDT,long,29649.252499031238,29565.85037362493,2025-10-11T01:59:14.943443,2025-10-11T02:59:14.943443,1.0,-28.308016626443465,Stop loss,31131.7151239828,30835.22259899249,0.0,-0.00281296,,29565.85037362493,,2025-10-11T02:59:14.943443
BTCUSDT,long,29473.94737627835,29509.69204435812,2025-10-11T03:59:14.943443,2025-10-11T04:59:14.943443,1.0,12.17014249654944,Stop loss,30947.644745092268,30652.905271329484,0.00121275,0.0,29509.69204435812,,2025-10-11T04:59:14.943443,
BTCUSDT,long,29434.218572299862,29537.70204928811,2025-10-11T05:59:14.943443,2025-10-11T06:59:14.943443,1.0,35.32381274115914,Stop loss,30905.929500914855,30611.587315191857,0.00351575,0.0,29537.70204928811,,2025-10-11T06:59:14.943443,
BTCUSDT,long,29414.96693139287,29514.9388494323,2025-10-11T07:59:14.943443,2025-10-11T08:59:14.943443,1.0,34.26753987764933,Stop loss,30885.715277962518,30591.565608648587,0.00339868,0.0,29514.9388494323,,2025-10-11T08:59:14.943443,
BTCUSDT,long,29527.39781358773,29521.686992860807,2025-10-11T09:59:14.943443,2025-10-11T10:59:14.943443,1.0,-1.9566815141824319,Stop loss,31003.767704267117,30708.49372613124,0.0,-0.00019341,,29521.686992860807,,2025-10-11T10:59:14.943443
BTCUSDT,long,29489.53065721024,29513.080729004978,2025-10-11T11:59:14.943443,2025-10-11T12:59:14.943443,1.0,8.077689609285303,Stop loss,30964.007190070755,30669.111883498652,0.00079859,0.0,29513.080729004978,,2025-10-11T12:59:14.943443,
BTCUSDT,long,29510.85938058406,29576.050052512477,2025-10-11T13:59:14.943443,2025-10-11T14:59:14.943443,1.0,22.362125069395063,Stop loss,30986.402349613265,30691.293755807423,0.00220904,0.0,29576.050052512477,,2025-10-11T14:59:14.943443,
BTCUSDT,long,29582.80762969366,29591.701662606964,2025-10-11T15:59:14.943443,2025-10-11T16:59:14.943443,1.0,3.0501916659534802,Stop loss,31061.948011178345,30766.119934881408,0.00030065,0.0,29591.701662606964,,2025-10-11T16:59:14.943443,
BTCUSDT,long,29570.18967736614,29566.822083350064,2025-10-11T17:59:14.943443,2025-10-11T18:59:14.943443,1.0,-1.1557501448709318,Stop loss,31048.699161234446,30752.997264460784,0.0,-0.00011388,,29566.822083350064,,2025-10-11T18:59:14.943443
